image,split,class,spai
david-johnson_study-at-orange-county-new-york.jpg,test,1,0.9999828338623047
william-holman-hunt_the-shadow-of-death.jpg,test,1,0.18302412331104279
james-archer_emelye-1866.jpg,test,1,0.8245233297348022
william-henry-huddle_study-for-the-surrender-of-santa-anna-1885.jpg,test,1,0.8508653044700623
victor-meirelles_estudo-para-panorama-do-rio-de-janeiro-1885.jpg,test,1,0.9999808073043823
joseph-noel-sylvestre_three-men-tasting-wine.jpg,test,1,0.04451209679245949
samuel-palmer_the-lonely-tower-1879.jpg,test,1,0.9998331069946289
heywood-hardy_the-loose-shoe.jpg,test,1,0.9999996423721313
paul-delaroche_the-young-martyr-1853.jpg,test,1,0.7410604357719421
james-webb_namur.jpg,test,1,0.5939763784408569
john-absolon_isola-dei-pescatori-on-the-lake-maggiore.jpg,test,1,0.0689692422747612
alexander-pope_the-fox-fair-game.jpg,test,1,0.999992847442627
ernest-hebert_mademoiselle-jeanne-arnould-plessy.jpg,test,1,0.001945028081536293
john-simpson_captain-peter-heywood-1822.jpg,test,1,0.000385466730222106
miklos-barabas_count-istv-n-sz-chenyi-1848.jpg,test,1,0.9999984502792358
thomas-moran_venice-0.jpg,test,1,0.8399538397789001
edward-poynter_eliza-eastlake-1864.jpg,test,1,1.7491513517597923e-06
thomas-hill_crescent-lake.jpg,test,1,0.5458112955093384
eugene-delacroix_portrait-of-a-woman-in-a-blue-turban.jpg,test,1,0.9999998807907104
edward-poynter_a-day-dream-1863.jpg,test,1,3.289102096459828e-05
eleanor-fortescue-brickdale_cruel-barbara-allen-1920.jpg,test,1,1.0309566533805992e-07
hermann-ottomar-herzog_delaware-trout-fishing.jpg,test,1,0.10137635469436646
elizabeth-thompson_a-son-of-the-soil-riviera-di-levante.jpg,test,1,1.1595077213644427e-14
maria-fortuny_busto-femenino.jpg,test,1,0.8824126124382019
john-frederick-kensett_salt-meadow-in-october.jpg,test,1,0.5939910411834717
alfred-dehodencq_etude-dun-attelage-de-boeufs.jpg,test,1,0.9995647072792053
heinrich-burkel_belgiano-veterinaio.jpg,test,1,0.9980923533439636
johann-koler_the-artist-s-birthplace-1863.jpg,test,1,0.9990115165710449
petrus-van-schendel_saint-mary-magdalene-in-prayer.jpg,test,1,6.03336758331352e-09
fyodor-solntsev_kiev-philistine.jpg,test,1,0.8170497417449951
bartolomeo-pinelli_ave-maria-at-tivoli-1808.jpg,test,1,2.6517679163617913e-09
francesco-hayez_portrait-of-giuseppina-negroni-prati-morosini-1853.jpg,test,1,0.00134943553712219
john-constable_view-on-the-stour.jpg,test,1,1.0
ernest-hebert_the-water-bearers.jpg,test,1,0.7355460524559021
xu-beihong_a-portrait-of-lim-loh.jpg,test,1,0.9482544660568237
thomas-jones_the-bay-of-naples-1782.jpg,test,1,0.012380164116621017
george-hemming-mason_cottage-interior.jpg,test,1,8.765266102273017e-05
viktor-vasnetsov_a-knight-at-the-crossroads-1878.jpg,test,1,0.0006404875894077122
knud-baade_knud-baade-coast-landscape-with-houses-1861.jpg,test,1,0.008626445196568966
viktor-vasnetsov_ivan-tsarevich-riding-the-grey-wolf-1889.jpg,test,1,7.110899605322629e-05
benjamin-constant_paris-welcoming-the-world.jpg,test,1,0.9999998807907104
henry-raeburn_general-sir-william-maxwell.jpg,test,1,0.10672739148139954
john-glover_launceston-and-the-river-tamar-1832.jpg,test,1,3.537931406172312e-11
andreas-achenbach_the-return-of-the-shrimp-fishermen-1863.jpg,test,1,0.07870651036500931
eugene-delacroix_hamlet-and-horatio-in-the-cemetery-1839-1.jpg,test,1,3.751382884886745e-11
rudolf-ernst_the-staircase-under-the-trees.jpg,test,1,1.8515093813675776e-07
james-hamilton_foundering-1863.jpg,test,1,3.657273147005415e-24
fyodor-solntsev_little-russian-bride.jpg,test,1,0.0006117474404163659
elizabeth-thompson_ain-kareem-reputed-birthplace-of-john-the-baptist-from-roof-of-convent-of-the-visitation.jpg,test,1,7.818622302246029e-20
giuseppe-barberis_facciata-della-cattedrale-1901.jpg,test,1,0.9999521970748901
john-ruskin_north-west-angle-of-the-fa-ade-st-mark-1851.jpg,test,1,0.9050576090812683
evelyn-de-morgan_evelyn-de-morgan-the-vision-1914-trivium-art-history.jpg,test,1,0.6716966032981873
john-leech_curius-dentatus-refusing-the-magnificent-gift-offered-by-the-samnite-ambassadors.jpg,test,1,0.0
henry-arthur-mcardle_a-portrait-of-former-baylor-university-president-william-carey-crane.jpg,test,1,0.9509169459342957
alexey-bogolyubov_portrait-of-a-a-radischev-1853.jpg,test,1,0.30941250920295715
hermann-ottomar-herzog_water-mill.jpg,test,1,0.7210705280303955
lev-lagorio_fjord-in-norway-1899.jpg,test,1,1.9025225839186533e-08
jessie-willcox-smith_bob-king-of-the-fortune-isle-1928.jpg,test,1,0.9977224469184875
andreas-achenbach_hilly-landscape-with-cloudy-sky-1852.jpg,test,1,9.883827090106934e-10
george-harvey_a-sonsy-armful.jpg,test,1,0.9998623132705688
william-leighton-leitch_study-of-hall-furniture-at-blair-castle.jpg,test,1,0.9857496023178101
jean-baptiste-carpeaux_portrait-presume-dhenry-didier.jpg,test,1,0.9998602867126465
filippo-indoni_the-aspirant.jpg,test,1,0.9760808944702148
louis-philippe-crepin_representation-probable-de-labordage-et-de-la-prise-par-la-corvette-francaise-la-bayonnaise-de-la-1851.jpg,test,1,0.8224244713783264
edward-poynter_the-walls-of-old-england-by-edward-john-poynter-1914.jpg,test,1,0.998672604560852
giovanni-battista-torriglia_in-the-sculptor-s-studio.jpg,test,1,0.9999653100967407
george-hemming-mason_evening-near-southport-1868.jpg,test,1,0.9978420734405518
edward-burne-jones_david-s-charge-to-solomon-1882.jpg,test,1,1.0
george-frederick-watts_little-red-riding-hood.jpg,test,1,1.3907501816845524e-08
john-varley_thames-wharves-and-barges-none.jpg,test,1,0.9995566010475159
eugene-von-guerard_view-of-geelong-1856.jpg,test,1,0.9999948740005493
edwin-austin-abbey_the-three-marys-1911.jpg,test,1,0.8860589265823364
angelo-zoffoli_untitled-5.jpg,test,1,0.927646815776825
knud-baade_landscape-1860.jpg,test,1,0.9153488278388977
edwin-henry-landseer_newfoundland-dog-and-terrier-at-a-stream.jpg,test,1,0.0002911479095928371
angelo-zoffoli_his-eminence-resting.jpg,test,1,0.943558394908905
jean-lecomte-du-nouy_the-reading-of-the-bible-by-the-rabbis-a-souvenir-of-morocco.jpg,test,1,0.12712125480175018
richard-caton-woodville-jr_c-company-2nd-battalion-the-manchester-regiment-taking-a-german-battery-at-francilly-sellency-april-1927.jpg,test,1,0.1837053745985031
dante-gabriel-rossetti_the-lady-of-pity-1879.jpg,test,1,0.2007393091917038
george-romney_lady-emma-hamilton-1761-1815-as-cassandra.jpg,test,1,0.062350332736968994
alexander-pope_in-charge-1899.jpg,test,1,0.9999948740005493
theodor-leopold-weller_italian-girl-with-water-jug-1848.jpg,test,1,0.9375137686729431
sir-lawrence-alma-tadema_the-baths-of-caracalla-1899.jpg,test,1,1.4453797533842128e-11
gustave-moreau_portrait-of-eugene-lacheur-1852.jpg,test,1,0.9998440742492676
john-pettie_the-laird-1878.jpg,test,1,0.800306499004364
jacek-malczewski_washing-of-feet-1887.jpg,test,1,0.09199059009552002
vasily-tropinin_portrait-of-prince-alexander-s-dolgorukov.jpg,test,1,2.1324871113392874e-07
christen-kobke_frederiksborg-palace-in-the-evening-light-1835.jpg,test,1,0.37644436955451965
paul-gavarni_accountant-danglars-in-1815-in-marseille-1846.jpg,test,1,4.294064499334413e-22
franz-richard-unterberger_procession-in-naples.jpg,test,1,0.9908435344696045
henryk-rodakowski_marshal-jan-d-tarnowski-1889.jpg,test,1,0.3662748634815216
henry-raeburn_catherine-vorontsova.jpg,test,1,0.6988548636436462
alphonse-mucha_the-red-cape-1902.jpg,test,1,0.9975420236587524
alfred-dehodencq_le-petit-marocain-au-plateau-1870.jpg,test,1,1.0
sophie-gengembre-anderson_ready-for-the-ball.jpg,test,1,0.4883069694042206
luc-olivier-merson_head-of-a-boy-singing.jpg,test,1,0.20463193953037262
alexander-orlowski_self-portrait-in-a-suit-of-a-caucasian-warrior.jpg,test,1,0.581369936466217
marcus-stone_two-s-company-three-s-none-1892.jpg,test,1,0.22953790426254272
rudolf-von-alt_dalmatian-woman-in-the-background-there-are-sketches-of-four-men-1841.jpg,test,1,1.567719482409302e-05
sarah-purser_loughrea-st-brendans-cathedral-1908-2.jpg,test,1,0.9780796766281128
john-leech_horatius-cocles-defending-the-bridge.jpg,test,1,0.0
karoly-lotz_sappho-contemplation.jpg,test,1,0.7479922771453857
james-webb_heidelberg-castle-germany-1871.jpg,test,1,0.797577977180481
penry-williams_peasant-girls-sorrento.jpg,test,1,0.34834352135658264
saverio-della-gatta_eruption-of-vesuvius-on-june-20-1794-1794.jpg,test,1,0.9996836185455322
thomas-cole_the-departure-1838.jpg,test,1,0.3740413188934326
edward-robert-hughes_hilda-virtue-tebbs-1897.jpg,test,1,5.715072843175913e-22
gustave-dore_alichino-calcabrina.jpg,test,1,5.054415059948169e-30
philipp-otto-runge_pauline-runge-with-her-two-year-old-son-1807.jpg,test,1,1.9806309641424297e-13
eugene-von-guerard_fall-of-the-first-creek-near-glen-osmond-south-australia-1867.jpg,test,1,1.0
francisco-goya_still-life-plucked-turkey-and-pan-with-fish-1812.jpg,test,1,0.9972130656242371
elizabeth-thompson_no-mooring-to-night.jpg,test,1,0.3469960689544678
henryk-siemiradzki_departure-from-an-island-at-night.jpg,test,1,0.9958721995353699
ferdinand-georg-waldm-ller_der-wolfgangsee-1835.jpg,test,1,7.184337960097764e-07
aurelio-tiratelli_the-red-cloth.jpg,test,1,0.9874672293663025
edward-lear_the-letter-c-of-the-alphabet-1880.jpg,test,1,4.894712219538633e-06
joseph-wright_cavern-near-naples-1774.jpg,test,1,0.9999995231628418
maurycy-gottlieb_lady-with-a-fan-1877.jpg,test,1,1.7737072316261183e-20
samuel-palmer_the-bright-cloud-1834.jpg,test,1,0.9999982118606567
george-romney_ariel.jpg,test,1,0.18431329727172852
peter-nicolai-arbo_kong-sverres-tog-over-vossefjellene-1861.jpg,test,1,0.07076948881149292
fyodor-solntsev_burgher-from-zhitomir-in-the-cloak.jpg,test,1,0.48697149753570557
fyodor-bronnikov_portrait-of-a-woman-in-white-1859.jpg,test,1,3.8650904699011335e-09
eduard-von-grutzner_the-catastrophe-1892.jpg,test,1,8.152870236699528e-07
francesco-hayez_self-portrait-at-the-age-of-57-1848.jpg,test,1,0.01223018765449524
sydney-laurence_a-northern-frontier-1914.jpg,test,1,0.027578553184866905
charles-m-russell_waiting-and-mad-1899.jpg,test,1,1.5767637195907014e-10
john-pettie_the-flag-of-truce.jpg,test,1,0.22012078762054443
auguste-edouart_portrait-of-abbott-lawrence-family-in-their-library-no-5-park-street-boston.jpg,test,1,4.5538837270780054e-21
adolphe-joseph-thomas-monticelli_still-life-with-white-pitcher.jpg,test,1,0.004187486134469509
alfred-dehodencq_intimate-portraits-1872.jpg,test,1,0.9994826316833496
theodor-leopold-weller_at-the-fountain-1825.jpg,test,1,0.9999997615814209
albert-bierstadt_forest-stream.jpg,test,1,0.32560575008392334
henry-fuseli_the-dream-of-queen-katherine-1.jpg,test,1,0.8364363312721252
heinrich-papin_the-ballad-singer-after-a-drawing-by-josef-lanzedelly-1819.jpg,test,1,0.013023396022617817
george-frederick-watts_portrait-of-the-countess-somers.jpg,test,1,1.0
george-harvey_man-in-a-cloak-1827.jpg,test,1,0.9999970197677612
john-atkinson-grimshaw_colwith-force-1869.jpg,test,1,3.831678530019644e-09
filippo-indoni_an-italian-woman.jpg,test,1,0.5185125470161438
gustav-bauernfeind_market-in-jaffa-fragment.jpg,test,1,7.868764751545638e-29
sophie-gengembre-anderson_dreaming-daisy.jpg,test,1,0.1606152057647705
fyodor-solntsev_patriarchal-ognennik-clothes-of-archer.jpg,test,1,0.999330997467041
edward-robert-hughes_weary-moon.jpg,test,1,0.9977999329566956
frederick-morgan_a-modern-eve-1882.jpg,test,1,0.9692559838294983
maxfield-parrish_road-to-the-valley.jpg,test,1,0.8958671689033508
david-allan_the-children-of-david-allan-1790.jpg,test,1,3.935589645208059e-21
taras-shevchenko_fire-in-the-steppe-1848.jpg,test,1,0.9999916553497314
gustave-courbet_the-vagabond-1845.jpg,test,1,3.694786698815733e-07
caspar-david-friedrich_new-moon-above-the-riesengebirge-mountains.jpg,test,1,4.4797735654356075e-07
bertalan-szekely_the-battle-of-moh-cs-1526-1866.jpg,test,1,0.6295219659805298
ary-scheffer_self-portrait-1839.jpg,test,1,0.9452329874038696
john-atkinson-grimshaw_sixty-years-ago.jpg,test,1,0.9998981952667236
akseli-gallen-kallela_shepherd-boy-from-paanaj-rvi-1892.jpg,test,1,0.9224303960800171
martin-johnson-heade_magnoliae-grandeflorae.jpg,test,1,3.0991890525911e-05
thomas-jones_field-near-pencerrig-1776.jpg,test,1,0.9813585877418518
john-leech_scrooge-s-third-visitor.jpg,test,1,6.981861952226609e-05
david-johnson_ramapo-hills-1876.jpg,test,1,2.689796296806435e-08
alexey-bogolyubov_sinop-turkey-1856.jpg,test,1,0.01817949488759041
henry-raeburn_portrait-of-alexander-keith-of-ravelston-midlothian.jpg,test,1,0.5786067247390747
henryk-rodakowski_portrait-of-wlodzimierz-dzieduszycki-1880.jpg,test,1,0.5800703763961792
louis-janmot_po-me-de-l-me-7-le-mauvaus-sentier.jpg,test,1,0.10574569553136826
david-wilkie_the-village-holiday-1811.jpg,test,1,7.415143272737623e-07
gerolamo-induno_the-bersaglieri-in-primolano-1866.jpg,test,1,1.595948126112793e-23
lev-lagorio_a-fisherman.jpg,test,1,0.9957072734832764
william-shayer_view-on-the-isle-of-wight.jpg,test,1,0.00027588472585193813
asher-brown-durand_woodland-glen.jpg,test,1,0.49718543887138367
arthur-hughes_ophelia-1852.jpg,test,1,1.0
henri-regnault_automedon-with-the-horses-of-achilles-1868.jpg,test,1,1.0729659827291016e-08
rosa-bonheur_cattle-and-sheep-in-an-alpine-landscape.jpg,test,1,0.9072591662406921
thomas-cole_indian-sacrifice-1827.jpg,test,1,2.596211023941919e-09
karl-lessing_landscape-1862.jpg,test,1,9.707124263513833e-05
xu-beihong_seated-male-figure-1924.jpg,test,1,0.0008331969729624689
lev-lagorio_view-of-lakhta-near-st-petersburg-1850.jpg,test,1,0.7496322393417358
ernest-hebert_going-to-the-well.jpg,test,1,0.5960516333580017
giovanni-battista-torriglia_bath-time.jpg,test,1,0.5394583344459534
william-gilbert-foster_landscape.jpg,test,1,0.9992384910583496
giuseppe-barberis_panorama-del-quartiere-di-castello-coi-sottostanti-bastioni-1895.jpg,test,1,4.785943019669503e-08
george-philip-reinagle_the-battle-of-navarino.jpg,test,1,0.9999978542327881
david-roberts_the-theater-petra.jpg,test,1,0.4881838858127594
maria-fortuny_il-contino.jpg,test,1,4.7708526835776865e-05
henryk-rodakowski_portret-siostry-artysty-wandy-muller-wandau-w-stroju-slubnym-1858.jpg,test,1,0.14631888270378113
thomas-lawrence_the-countess-of-darnley-1830.jpg,test,1,1.503325986187753e-16
charles-m-russell_through-the-alkali-1904.jpg,test,1,2.509983540455174e-12
frederick-william-burton_a-venetian-courtesan.jpg,test,1,0.9905399084091187
edouard-riou_journey-to-the-center-of-the-earth-1864-24.jpg,test,1,1.0660869170705931e-16
leon-bazille-perrault_the-wheelbarrow-1881.jpg,test,1,0.514187753200531
jean-leon-gerome-ferris_victory-ball-1781.jpg,test,1,0.9802175760269165
marcus-stone_bright-summer.jpg,test,1,0.0016911517595872283
hendrik-voogd_muleteers-halting-on-a-mountain-pass-in-the-roman-campagna-1809.jpg,test,1,0.7259358167648315
fyodor-solntsev_kiev-province-from-village-kurenevka.jpg,test,1,0.012775006704032421
john-leech_the-mother-of-the-gracchi.jpg,test,1,1.0
mary-josephine-walters_autumn-river-with-punt-in-the-reeds.jpg,test,1,0.9084018468856812
paul-cezanne_landscape-of-provence-1870.jpg,test,1,1.1988533969997661e-06
thomas-lawrence_head-of-a-girl.jpg,test,1,0.9997543692588806
george-frederick-watts_edith-villiers-later-countess-of-lytton-1862.jpg,test,1,0.3049992024898529
james-ward_double-portrait-of-henrietta-ward-s-pet-guinea-pig-1843.jpg,test,1,0.6934056878089905
konstantin-makovsky_savoyard.jpg,test,1,2.003689401897102e-11
alfred-dehodencq_a-young-woman-reclining-in-a-chair.jpg,test,1,0.11170457303524017
felix-louis-leullier_les-inondes-de-la-loire.jpg,test,1,1.0
hermann-ottomar-herzog_sunset-on-the-coast-of-maine-near-port-clyde.jpg,test,1,0.07717904448509216
marcus-stone_the-end-of-the-story.jpg,test,1,0.9991156458854675
william-leighton-leitch_moorland-landscape-tree-study.jpg,test,1,4.1576344553566e-14
caspar-david-friedrich_not-detected-4.jpg,test,1,0.0013986043632030487
miklos-barabas_the-family-d-genfeld-1854.jpg,test,1,0.9996484518051147
william-holbrook-beard_self-portrait-in-the-studio-1860.jpg,test,1,0.9999998807907104
albert-bierstadt_valley-of-the-po-1857.jpg,test,1,0.27288931608200073
taras-shevchenko_bohdan-s-ruins-in-subotiv-1845.jpg,test,1,0.08321993798017502
wilhelm-von-kaulbach_portrat-des-malers-heinlein-als-ritter-schellenberg.jpg,test,1,0.9980688691139221
hermann-hendrich_sigurd-and-fafnir-1906.jpg,test,1,0.8359311819076538
edouard-riou_journey-to-the-center-of-the-earth-1864-23.jpg,test,1,0.0007797472062520683
n-c-wyeth_painting-of-native-american-3.jpg,test,1,0.9999982118606567
thomas-cole_the-fountain-no-10-the-wounded-indian-slaking-his-death-thirst-1843.jpg,test,1,0.9994199275970459
william-henry-huddle_portrait-of-madam-candelaria-1891.jpg,test,1,0.7774184942245483
richard-dadd_mercy-david-spareth-saul-s-life-1854.jpg,test,1,0.9999966621398926
andreas-achenbach_view-of-neuss-1865.jpg,test,1,3.528829586384306e-17
martin-johnson-heade_orchids-nesting-hummingbirds-and-a-butterfly.jpg,test,1,0.7761876583099365
richard-caton-woodville-jr_you-spy-she-cried-you-hound-you-gentleman-1895.jpg,test,1,6.712710898782332e-23
john-william-waterhouse_spring-spreads-one-green-lap-of-flowers-1910.jpg,test,1,1.0
albert-bierstadt_elk.jpg,test,1,0.9999996423721313
david-wilkie_the-bag-piper-1813.jpg,test,1,0.004365205764770508
fyodor-bronnikov_children-on-the-streets-of-pompeii.jpg,test,1,0.0008023997652344406
frank-dicksee_chivalry-1885.jpg,test,1,3.749136384104037e-15
william-collins_the-return-of-the-fishing-boats.jpg,test,1,0.9976381063461304
ferdinand-georg-waldm-ller_tree-by-the-brook.jpg,test,1,1.364697559160652e-21
vincenzo-abbati_view-of-the-sepulchral-monument-to-paolo-savelli-in-the-church-of-santa-maria-gloriosa-dei-frari-in-1857.jpg,test,1,0.9764742255210876
john-everett-millais_rosalind-in-the-forest.jpg,test,1,0.9999547004699707
frederick-sandys_portrait-of-eleanor-petre-1880.jpg,test,1,0.9295027256011963
samuel-palmer_fantasy-view-of-lake-nemi.jpg,test,1,0.13330817222595215
thomas-hill_the-falls-of-yosemite-1893.jpg,test,1,0.6501098275184631
gerolamo-induno_portrait-of-a-noble-gentleman-1848.jpg,test,1,0.9374530911445618
thomas-moran_mosquito-trail-rocky-mountains-colorado-1874.jpg,test,1,0.9982874989509583
ivan-aivazovsky_the-ship-near-coast-1890.jpg,test,1,1.288634848606307e-06
marcus-larson_nattlig-marin-med-brinnande-fartyg.jpg,test,1,9.978652815334499e-05
charles-gleyre_turkish-woman-1834.jpg,test,1,0.33974283933639526
giuseppe-barberis_antico-castello-1898.jpg,test,1,1.3178002310774666e-28
gerolamo-induno_garibaldi-disembarks-in-marsala.jpg,test,1,0.9999867677688599
andrei-ryabushkin_ilya-of-murom-illustration-for-the-book-russian-epic-heroes.jpg,test,1,0.0
lev-lagorio_crimea-monk-and-diva-rocks-1890.jpg,test,1,1.2490166234613298e-08
adolphe-joseph-thomas-monticelli_margaree-faust-and-mephisto.jpg,test,1,0.15116950869560242
john-simpson_arthur-wellesley-1835.jpg,test,1,9.10540529730497e-06
jenaro-perez-villaamil_the-chapel-of-the-benavente-family-in-medina-de-rioseco-1842.jpg,test,1,1.1093355516705506e-27
frederic-edwin-church_country-home-1854.jpg,test,1,5.489714904882703e-09
edward-lear_a-view-of-santa-maura-levkas-ionian-islands.jpg,test,1,0.9999927282333374
david-roberts_view-of-jaffa-from-the-south.jpg,test,1,6.59402576292162e-18
maria-fortuny_moros-corriendo-la-polvora.jpg,test,1,5.238749434255396e-10
sarah-purser_loughrea-st-brendans-cathedral-1908-3.jpg,test,1,1.0
silvestro-lega_titian-and-irene-of-spilimbergo.jpg,test,1,0.3568514883518219
ivan-aivazovsky_moonrise-over-ayu-dag.jpg,test,1,0.6438685059547424
martin-rico_paisaje-con-lago.jpg,test,1,0.9999444484710693
thomas-hill_at-the-foot-of-bridal-veil-1911.jpg,test,1,0.11402436345815659
ramon-casas_self-portrait-1.jpg,test,1,0.00012405903544276953
thomas-sully_mrs-klapp-anna-milnor-1814.jpg,test,1,0.009660960175096989
thomas-jones_on-the-road-from-albano-to-rome.jpg,test,1,0.2703072130680084
martin-johnson-heade_tropical-landscape-with-ten-hummingbirds.jpg,test,1,0.1864304095506668
currier-and-ives_going-to-the-trot-1867.jpg,test,1,1.0
konstantin-dmitriyevich-flavitsky_christian-martyrs-in-the-colosseum-1862.jpg,test,1,0.06944862008094788
alexander-orlowski_in-the-suburbs-of-st-petersburg-1812.jpg,test,1,0.33092498779296875
jehan-georges-vibert_preparations-for-the-procession.jpg,test,1,3.162827852065675e-05
karl-bryullov_portrait-of-f-f-golytzin.jpg,test,1,1.0270249731547665e-05
marcus-stone_married-for-love-1882.jpg,test,1,0.06197983771562576
jean-leon-gerome_pifferari.jpg,test,1,0.9995813965797424
william-holman-hunt_portrait-of-william-pink.jpg,test,1,0.9921628832817078
viktor-vasnetsov_the-princess-at-the-window-princess-nesmeyana-1920.jpg,test,1,0.9999997615814209
cassius-marcellus-coolidge_drawing-submitted-to-the-fourth-estates-art-competition-a-woman-representing-the-press-writes-the-1896.jpg,test,1,3.134514746638081e-24
thomas-couture_daydreams-1859.jpg,test,1,0.2279333472251892
vasily-polenov_the-arrest-of-a-huguenot-1875.jpg,test,1,1.0
viktor-vasnetsov_rough-sketches-for-the-painting-on-a-knights-at-the-crossroad.jpg,test,1,6.147177403297907e-25
horace-vernet_on-the-barricades-on-the-rue-soufflot-paris-25-june-1848-1849.jpg,test,1,5.880579395188137e-24
giuseppe-barberis_fontana-della-palata-1897.jpg,test,1,3.524477278915583e-07
miklos-barabas_women-at-nettuno-1835.jpg,test,1,0.9999998807907104
jacek-malczewski_death-of-ellenai-1883.jpg,test,1,0.6082136631011963
gustave-courbet_nude-reclining-by-the-sea.jpg,test,1,2.2544610726146982e-17
asher-brown-durand_adirondacks.jpg,test,1,0.9998652935028076
gerolamo-induno_strolling-players-1854.jpg,test,1,0.0025868865195661783
william-hart_hudson-river-landscape-1854.jpg,test,1,0.3752196133136749
ivan-aivazovsky_the-battle-of-sinop-on-18th-november-1853-night-after-battle.jpg,test,1,1.0965399696919158e-14
ivan-aivazovsky_bracing-the-waves-1890.jpg,test,1,1.0
thomas-hill_mountain-lake-1887.jpg,test,1,0.9917787909507751
andreas-achenbach_die-alte-akademie-in-dusseldorf.jpg,test,1,0.9699468016624451
jacek-malczewski_at-the-stage-siberians-1890.jpg,test,1,7.225973618613322e-34
orest-kiprensky_portrait-of-countess-sophia-alexandrovna-golenischev-kutuzova-1829.jpg,test,1,0.9999864101409912
john-ruskin_ancient-maison-lucerne-1835.jpg,test,1,1.985560421815749e-31
francesco-didioni_woman-with-tray.jpg,test,1,0.00016446765221189708
john-martin_an-extensive-mountainous-landscape-with-a-classical-city-figures-on-a-bridge-in-the-foreground.jpg,test,1,0.8458781242370605
francesco-didioni_portrait-of-a-child-1881.jpg,test,1,4.343809739851513e-19
berthold-woltze_die-gartenlaube-the-garden-arbor-1871-0.jpg,test,1,1.919585314852842e-26
christen-kobke_the-forum-pompeii-with-vesuvius-in-the-distance-1841.jpg,test,1,0.9983049631118774
thomas-hill_sir-donald-peak-and-selkirk-glacier-canada-1890.jpg,test,1,6.240536838236213e-15
anton-melbye_seascape-1843.jpg,test,1,0.35765963792800903
thomas-jones-barker_the-girls-we-left-behind-1866.jpg,test,1,2.7373491928023297e-12
philipp-otto-runge_the-great-morning.jpg,test,1,0.9999998807907104
thomas-moran_conway-castle-1917.jpg,test,1,0.9943547248840332
bartolomeo-pinelli_butcher-of-rome-1818.jpg,test,1,0.002985870698466897
vasily-polenov_portrait-of-the-artist-ilya-repin-1879.jpg,test,1,0.25638705492019653
john-ruskin_roslin-chapel-1838-1.jpg,test,1,0.6443642973899841
david-cox_vale-of-clwyd-1848.jpg,test,1,9.605490708386455e-11
john-collier_the-death-of-cleopatra-1910.jpg,test,1,0.9972327351570129
francesco-didioni_female-portrait.jpg,test,1,0.9750208854675293
thomas-sully_fire-steamer-engine-fairmount-1854.jpg,test,1,0.9027019739151001
henry-raeburn_portrait-of-miss-eleanor-urquhart.jpg,test,1,1.8264431078662824e-09
eduard-von-grutzner_benediktiner-monch-mit-wein-beim-fruhschoppen.jpg,test,1,0.09380237013101578
thomas-lawrence_prince-hoare.jpg,test,1,0.004790906794369221
carl-spitzweg_the-widower.jpg,test,1,0.9998993873596191
marcus-stone_waiting-1921.jpg,test,1,7.507885442791949e-21
gustave-dore_brunetto-latini.jpg,test,1,0.0
frederick-morgan_midday-rest-1879.jpg,test,1,1.50378062053428e-14
albrecht-adam_battle-of-smolensk-on-18-august-1812-1825.jpg,test,1,0.9063119888305664
angelo-zoffoli_cardinals-studying-a-map.jpg,test,1,6.909694150181167e-09
john-frederick-herring-sr_mr-william-ordes-bay-filly-beeswing-in-a-stable.jpg,test,1,0.43614110350608826
auguste-edouart_william-buckland-and-his-wife-and-son-frank-examining-buckland-s-natural-history-collection-1829.jpg,test,1,0.00017730772378854454
thomas-cole_the-clove-catskills-double-impact-1827.jpg,test,1,0.9946554899215698
william-holbrook-beard_discovery-of-adam-1891.jpg,test,1,0.6181327700614929
currier-and-ives_city-of-new-york-showing-the-building-of-the-equitable-life-assurance-society-of-the-united-1883.jpg,test,1,0.9758156538009644
jessie-willcox-smith_two-little-girls-1924.jpg,test,1,0.9999678134918213
john-william-waterhouse_the-beautiful-lady-without-pity-1893.jpg,test,1,0.9949501752853394
david-scott_queen-elizabeth-1533-1603-viewing-the-performance-of-the-merry-wives-of-windsor-at-the-globe-1840.jpg,test,1,0.024604396894574165
thomas-sully_sarah-emlen-roberts-mrs-harry-ingersoll-1841.jpg,test,1,0.6303942203521729
thomas-sully_gossip.jpg,test,1,0.33200323581695557
edward-poynter_orpheus-and-eurydice-1862.jpg,test,1,0.003802194492891431
eugene-delacroix_city-wall-of-meknes-morocco-from-the-sketchbook-1832.jpg,test,1,1.0
arturo-michelena_retrato-ecuestre-de-bolivar-1888.jpg,test,1,6.850820500403643e-05
franz-xaver-winterhalter_roman-genre-scene.jpg,test,1,1.0
arthur-hughes_home-from-the-sea-1862.jpg,test,1,0.6150074601173401
martin-johnson-heade_passion-flowers-and-hummingbirds.jpg,test,1,0.7780443429946899
thomas-jones-barker_wellington-at-sorauren-27-july-1813-1853.jpg,test,1,5.05821530494277e-11
jan-matejko_angel-with-flutes.jpg,test,1,1.0
andrei-ryabushkin_mikula-selyaninovich-illustration-for-the-book-russian-epic-heroes.jpg,test,1,0.0
jenaro-perez-villaamil_castillo-de-alcala-de-guadaira.jpg,test,1,0.999943733215332
laslett-john-pott_wordsworths-grave-1870.jpg,test,1,0.7271290421485901
gerolamo-induno_there-comes-the-train-1871.jpg,test,1,8.337227654919843e-07
robert-bateman_three-women-plucking-mandrakes.jpg,test,1,0.9998396635055542
domenico-induno_first-stone-laying-of-the-milan-gallery-on-7-march-1865-1865.jpg,test,1,0.5816508531570435
frederick-sandys_a-valkyrie-and-a-raven-having-a-conversation-hrafnsmal-or-haraldskvaedi-thorbjorn-hornklofi-1862.jpg,test,1,0.005796805024147034
johann-baptist-clarot_adam-graf-reviczky-von-revisnye-1786-1862-hungarian-court-chancellor-chief-steward-1840.jpg,test,1,4.3997213559639096e-29
achille-zo_composition-a-la-theiere-1901.jpg,test,1,1.0
viktor-vasnetsov_the-last-judgement-1904.jpg,test,1,1.0
antonio-ciseri_das-martyrium-der-sieben-makkabaer-1863.jpg,test,1,1.1706812963547022e-21
thomas-lawrence_robert-banks-jenkinson-1825.jpg,test,1,2.1826774172950536e-05
james-webb_the-white-cliffs-of-dover-1859.jpg,test,1,0.0513625331223011
sydney-laurence_mount-mckinley-1925.jpg,test,1,0.8048238158226013
albert-bierstadt_new-england-landscape-1889.jpg,test,1,0.7094271779060364
samuel-palmer_moonlight-a-landscape-with-sheep-1833.jpg,test,1,4.229911155562149e-06
rosario-weiss-zorrilla_fraile-1824.jpg,test,1,1.0
gustave-dore_queen-vashti-refuses-to-obey-ahasuerus-command.jpg,test,1,2.2879019581877163e-18
andreas-achenbach_landscape-with-rune-stone-1841.jpg,test,1,0.06511204689741135
oswald-achenbach_via-appia-with-the-tomb-of-caecilia-metell-1886.jpg,test,1,0.0067375339567661285
lev-lagorio_landscape-with-seagulls-1889.jpg,test,1,9.507640788797289e-05
franz-xaver-winterhalter_baroness-octavia-of-lowenthal-born-wylezynska-1859.jpg,test,1,0.6186643242835999
edward-lear_a-view-of-the-qutb-minar-delhi.jpg,test,1,0.00034383812453597784
edward-robert-hughes_margaret-ellinor-morse.jpg,test,1,0.9999663829803467
alexander-clarot_lady-in-white-gown.jpg,test,1,1.0
alfred-stevens_in-the-country.jpg,test,1,0.7382818460464478
william-hart_storm-clouds-1864.jpg,test,1,0.6343477964401245
carl-spitzweg_scholar-of-natural-sciences-0.jpg,test,1,1.0491956609071096e-10
edward-burne-jones_an-angel-playing-a-flageolet-1878.jpg,test,1,0.9999712705612183
francesco-hayez_portrait-of-a-man-1850.jpg,test,1,1.2643946320167743e-05
john-constable_east-bergholt-rectory-1810.jpg,test,1,0.8153076171875
thomas-couture_anselm-feuerbach-1852.jpg,test,1,0.00025761584402062
david-johnson_brook-study-at-warwick-1873.jpg,test,1,0.0058487518690526485
fyodor-bronnikov_sick-artist-1861.jpg,test,1,0.9046719670295715
alexander-clarot_portrait-of-a-wife-1838.jpg,test,1,8.357221304322593e-06
franz-richard-unterberger_the-monreale-road-palermo-1884.jpg,test,1,1.0514766456309192e-19
william-morris_peacock-and-dragon-woven-wool-furnishing-fabric-1878.jpg,test,1,0.00013661336561199278
sir-lawrence-alma-tadema_a-man-dressed-in-white-robes-and-a-thick-belt-leaning-against-a-pillar-1878.jpg,test,1,0.9704908132553101
alexander-pope_sportsmans-trophy-1899.jpg,test,1,9.080534241201477e-11
viktor-vasnetsov_maria-magdalene.jpg,test,1,0.9999473094940186
william-holbrook-beard_the-bear-dance-1870.jpg,test,1,0.9671071171760559
david-wilkie_not-detected-277181.jpg,test,1,0.0003084127092733979
heinrich-reinhold_a-tree-in-the-campagna-1822.jpg,test,1,6.648605311086977e-19
peder-balke_northern-lights-over-four-men-in-a-boat.jpg,test,1,1.2228623518240056e-06
oswald-achenbach_vigna-barbarini-1901.jpg,test,1,0.968254029750824
antonio-paoletti_ichildren-feeding-pigeons-in-venice.jpg,test,1,0.9914345741271973
sir-lawrence-alma-tadema_at-aphrodite-s-cradle-1908.jpg,test,1,0.8910914063453674
john-pettie_cromwells-saints-1862.jpg,test,1,1.0
william-holbrook-beard_dancing-bears-1865.jpg,test,1,0.00023517731460742652
john-atkinson-grimshaw_a-lane-in-headingley-leeds-1881.jpg,test,1,0.0002526557946112007
hermann-ottomar-herzog_el-capitan-yosemite-sentinel-rock-1876.jpg,test,1,0.9990550875663757
william-holman-hunt_the-scapegoat-1856.jpg,test,1,0.9999902248382568
william-holbrook-beard_bulls-and-bears-in-the-market.jpg,test,1,0.06374785304069519
antonio-ciseri_self-portrait-antonio-ciseri.jpg,test,1,2.526268357718942e-21
bartolomeo-pinelli_fight-of-women-in-rome-1808.jpg,test,1,0.00317659555003047
eduard-von-grutzner_das-glaschen-zur-starkung-1880.jpg,test,1,0.07807155698537827
frederick-morgan_a-jovial-fisherman-1896.jpg,test,1,0.9992690682411194
maria-fortuny_jardi-de-la-casa-de-fortuny.jpg,test,1,0.999338686466217
william-barnes-wollen_2nd-oxfordshire-and-buckinghamshire-light-infantry-fight-the-prussian-guard-at-the-battle-of-nonne-1914.jpg,test,1,0.4831782281398773
jean-leon-gerome_moses-on-mount-sinai-1900.jpg,test,1,0.39754801988601685
rodolfo-amoedo_still-life.jpg,test,1,0.0034702634438872337
paul-gavarni_a-slave-to-the-count-of-monte-cristo-the-mute-nubian-ali-in-1829-or-1838-1846.jpg,test,1,5.196696805515044e-12
john-constable_mrs-james-pulham-sr-1818.jpg,test,1,6.617886538151652e-05
orest-kiprensky_peasant-boy-petrushka-melancholic-1814.jpg,test,1,6.029843237134042e-14
henry-raeburn_robert-macqueen-lord-braxfield.jpg,test,1,2.027074390504105e-13
oswald-achenbach_evening-1854.jpg,test,1,0.9410390257835388
marcus-larson_mountains-and-a-waterfall-1851.jpg,test,1,0.3668353855609894
johan-christian-dahl_bjerk-i-storm-1848.jpg,test,1,0.0015198505716398358
charles-turner_adam-duncan-1st-viscount-duncan-1798.jpg,test,1,0.7302403450012207
felix-louis-leullier_fights-in-the-arena.jpg,test,1,5.569969832586175e-12
james-ward_studies-of-a-man-s-head.jpg,test,1,4.154443819887147e-16
philipp-otto-runge_self-portrait-1803.jpg,test,1,0.05904227867722511
knud-baade_historical-off-the-west-coast-of-norway-1852.jpg,test,1,0.07020691782236099
arthur-hughes_the-overthrowing-of-the-rusty-knight.jpg,test,1,0.7397541403770447
richard-caton-woodville-jr_the-captain-and-the-lieutenant-were-waiting-the-captain-had-removed-his-doublet-and-stood-leaning-1895.jpg,test,1,1.606775584979403e-12
hans-gude_the-sandvik-fiord.jpg,test,1,0.7585044503211975
ford-madox-brown_jacob-and-joseph-s-coat-1871.jpg,test,1,0.5597612857818604
arturo-michelena_los-morochos-1892.jpg,test,1,1.0
thomas-jones-barker_the-secret-of-england-s-greatness-1863.jpg,test,1,0.0002497463137842715
charles-m-russell_captain-lewis-meeting-the-shoshones-1903.jpg,test,1,4.339345949233575e-08
filippo-indoni_peasants-at-the-temple-of-vesta.jpg,test,1,4.10598710587351e-09
rosario-weiss-zorrilla_ramon-mesonero-romanos.jpg,test,1,0.0028480400796979666
james-webb_homeward-bound.jpg,test,1,0.8611359000205994
paul-cezanne_a-modern-olympia-1870.jpg,test,1,0.9729081988334656
byam-shaw_they-would-take-him-to-the-armoury-before-he-left-them-the-pilgrims-progress.jpg,test,1,0.6449183821678162
arthur-hughes_good-night.jpg,test,1,0.4948934316635132
thomas-lawrence_john-murray-1826.jpg,test,1,0.17274190485477448
david-johnson_study-at-ramapo-new-york-1874.jpg,test,1,4.945745146756053e-08
alphonse-mucha_maria-young-girl-in-a-moravian-costume.jpg,test,1,0.15474605560302734
caspar-david-friedrich_wc-cross-in-the-mountains-tetschen-altar-1808-1808-new-masters-gallery-dresden-height0-115-cm.jpg,test,1,0.9763873815536499
william-hart_autumn-on-the-lake-1877.jpg,test,1,0.9960113763809204
karoly-lotz_resting-stud.jpg,test,1,0.9880260825157166
david-scott_nimrod-1832.jpg,test,1,0.0003701075620483607
eugene-delacroix_othello-and-desdemona-1849.jpg,test,1,1.0
osman-hamdi_the-musician-girl-1880.jpg,test,1,0.08522769063711166
john-collier_the-child-bride-1883.jpg,test,1,0.999910831451416
alexander-pope_successful-hunter.jpg,test,1,1.0
david-allan_james-colvin-1768.jpg,test,1,0.0004496811598073691
frederic-edwin-church_coast-scene-mount-desert-sunrise-off-the-maine-coast.jpg,test,1,0.006526872981339693
jessie-willcox-smith_the-princess-and-the-goblin-1920-3.jpg,test,1,0.5136702060699463
frederic-edwin-church_mount-chimborazo-1865.jpg,test,1,1.0033729267888702e-05
alexander-ivanov_landscape-in-albano.jpg,test,1,0.8734187483787537
frederic-edwin-church_parthenon-1869-0.jpg,test,1,0.9999998807907104
samuel-palmer_pear-tree-in-a-walled-garden-1829.jpg,test,1,0.9033744931221008
gabriel-von-max_monkeys-as-judges-of-art-1889.jpg,test,1,0.5654178261756897
thomas-jones-barker_charles-henry-and-mary-crompton-roberts-and-their-children-at-field-house-clent.jpg,test,1,4.5281267375685275e-06
james-webb_constantinople-1876.jpg,test,1,0.18486692011356354
henry-raeburn_the-allen-brothers.jpg,test,1,0.026203442364931107
thomas-sully_lord-byron-1828.jpg,test,1,0.47294700145721436
ferdinand-georg-waldm-ller_grape-trellis.jpg,test,1,1.5467889556003422e-13
karl-lessing_die-tausendjahrige-eiche-1837.jpg,test,1,6.352217951643979e-07
alfred-concanen_cover-design-for-what-an-afternoon-comic-song.jpg,test,1,2.7121342015386663e-19
oswald-achenbach_on-the-way-to-the-market-1879.jpg,test,1,0.9999998807907104
saverio-della-gatta_the-shop-of-the-maccaroni-seller-1822.jpg,test,1,0.9988583326339722
arturo-michelena_entrega-de-la-bandera-al-batallon-sin-nombre.jpg,test,1,0.6094971299171448
thomas-lawrence_mrs-alice-wood-1830.jpg,test,1,0.6905962824821472
polychronis-lembesis_head-of-a-woman.jpg,test,1,0.002147700171917677
thomas-francis-dicksee_ideal-portrait-of-lady-macbeth-1870.jpg,test,1,0.7812004685401917
albrecht-adam_battle-of-ostrovno-1812-0.jpg,test,1,0.1857701987028122
george-frederick-watts_aglaia-coronio.jpg,test,1,1.8168860833611689e-06
george-frederick-watts_lady-margaret-beaumont-and-her-daughter-1862.jpg,test,1,0.4429197609424591
saverio-della-gatta_group-of-lazzaroni-in-chiaga-1825.jpg,test,1,0.9760260581970215
edward-poynter_portrait-of-georgiana-burne-jones-1870.jpg,test,1,0.9993082284927368
william-shayer_fishermen.jpg,test,1,7.758239007671364e-06
james-archer_mary-carrie.jpg,test,1,0.9990583062171936
james-ward_the-black-horse-1824.jpg,test,1,0.07097824662923813
eduard-von-grutzner_stadtarchiv-in-tirol.jpg,test,1,4.495921690494953e-10
edward-poynter_portrait-of-lillie-langtry-1877.jpg,test,1,0.0975242331624031
jean-leon-gerome-ferris_the-bells-first-note.jpg,test,1,0.9997746348381042
albert-benua_silver-birches-1908.jpg,test,1,0.12698997557163239
julia-margaret-cameron_yes-or-no-1865.jpg,test,1,0.9808779954910278
jasper-francis-cropsey_hackensack-meadows-1890.jpg,test,1,0.00020889822917524725
francesco-hayez_recovery-of-the-fallen-after-the-battle-1875.jpg,test,1,1.2246806591065251e-06
alexey-venetsianov_young-man-in-spanish-dress.jpg,test,1,1.0
jean-lecomte-du-nouy_the-supper-of-beaucaire-28-july-1793.jpg,test,1,0.26593896746635437
richard-parkes-bonington_beach-in-normandy.jpg,test,1,0.034509968012571335
luc-olivier-merson_female-nude-studies-a-mid-body-feuille-d-e-tudes-de-nu-fe-minin-a-mi-corps.jpg,test,1,0.09598817676305771
vincenzo-abbati_in-the-grotta-vecchia-of-posillipo-1835.jpg,test,1,0.9999016523361206
john-martin_the-last-judgement-1853.jpg,test,1,0.5984890460968018
leopold-robert_the-departure-of-fishermen-from-the-adriatic-1834.jpg,test,1,0.9999488592147827
frederic-edwin-church_the-wreck.jpg,test,1,0.05220664665102959
thomas-stuart-smith_morning-h-55-9-x-w-49-6-1867.jpg,test,1,0.999995231628418
camille-corot_orpheus-lamenting-eurydice.jpg,test,1,1.4079747965872132e-21
currier-and-ives_campaign-poster-for-democrats-1848.jpg,test,1,1.0
samuel-palmer_early-morning-1825.jpg,test,1,1.0
alphonse-mucha_the-abolition-of-serfdom-in-russia-1914.jpg,test,1,0.06136937066912651
johann-nepomuk-passini_village-festival-1865.jpg,test,1,0.12257348746061325
christen-kobke_a-view-from-dosseringen-near-the-sortedam-lake-looking-towards-the-suburb-n-rrebro-outside-1838.jpg,test,1,6.004349017985078e-08
laslett-john-pott_sir-peter-teazle.jpg,test,1,0.10579319298267365
william-turner_morning-amongst-the-coniston-fells-cumberland.jpg,test,1,0.009651958011090755
jean-auguste-dominique-ingres_portrait-of-gabriel-cortois-de-pressigny-archibishop-of-besancon-1816.jpg,test,1,2.8987403937160778e-25
hendrik-voogd_italian-landscape-with-umbrella-pines-1807.jpg,test,1,0.9910477995872498
albert-bierstadt_sentinel-falls-and-cathedral-peaks-in-the-yosemite-valley-1864.jpg,test,1,0.6476982235908508
wilhelm-von-kaulbach_marie-zu-hohenlohe-1864.jpg,test,1,2.6962966243819456e-36
thomas-moran_venice-1904.jpg,test,1,0.000316861376632005
john-william-waterhouse_lady-violet-henderson-1907.jpg,test,1,0.9998705387115479
jan-matejko_portrait-of-stanis--C5--82aw-tarnowski-1890.jpg,test,1,7.218399489250515e-11
asher-brown-durand_morning-of-life.jpg,test,1,0.7316426634788513
ernest-hebert_la-lavandiere-a-capri-1874.jpg,test,1,1.0
david-wilkie_billy-waters-mariner-and-street-performer-beggar-1815.jpg,test,1,0.3129180073738098
john-pettie_a-knight-of-the-seventeenth-century-1877.jpg,test,1,8.49319258122705e-06
edward-burne-jones_perseus-and-the-graiae.jpg,test,1,2.3522674382547848e-05
thomas-couture_a-girl-s-head.jpg,test,1,0.703027606010437
john-william-waterhouse_the-favourites-of-emperor-honorius.jpg,test,1,6.577149491704404e-09
john-roddam-spencer-stanhope_charon-and-psyche-1883.jpg,test,1,0.9646788239479065
frank-cadogan-cowper_the-blue-bird-1918.jpg,test,1,0.3771139085292816
homer-watson_the-castellated-cliff-1879.jpg,test,1,1.0
joseph-noel-sylvestre_the-art-dealer.jpg,test,1,1.0
marcus-stone_the-lake-of-brienz.jpg,test,1,0.35189715027809143
robert-william-buss_a-funeral-bearer-1840-0.jpg,test,1,7.17627563062706e-06
jean-baptiste-carpeaux_ugolino-and-his-sons-1865.jpg,test,1,0.00018053920939564705
ivan-aivazovsky_moonlit-night-on-the-crimea-gurzuf-1839.jpg,test,1,0.0013431585393846035
george-stubbs_a-chestnut-racehorse.jpg,test,1,3.4818490348698106e-06
theodor-leopold-weller_buskers-on-the-piazza-montanara-in-rome.jpg,test,1,1.941815339945378e-31
thomas-moran_venice-1903.jpg,test,1,8.198293653549626e-05
adolphe-yvon_attack-of-the-cuirassier-at-solferino.jpg,test,1,0.03587564826011658
ford-madox-brown_chaucer-at-the-court-of-edward-iii-1851.jpg,test,1,0.00021182172349654138
john-lewis-krimmel_members-of-the-city-troup-and-other-philadelphia-soldiery.jpg,test,1,0.9745067954063416
paul-cezanne_stove-in-the-atelier.jpg,test,1,0.11023200303316116
samuel-palmer_the-sleeping-shepherd-early-morning-1854.jpg,test,1,1.0
david-johnson_sketch-of-apple-blossoms-with-may-flowers-1873.jpg,test,1,0.7156797647476196
edward-r-taylor_ellen-bennett-1900.jpg,test,1,0.015095935203135014
karl-bodmer_remarkable-hills-on-the-upper-missouri-plate-34-from-volume-2-of-travels-in-the-interior-of-1843.jpg,test,1,0.9999992847442627
paul-cezanne_portrait-of-uncle-dominique-in-profile-1866.jpg,test,1,0.9652657508850098
john-hoppner_the-hon-alicia-herbert-as-a-child-1795.jpg,test,1,0.9999994039535522
jean-leon-gerome_the-entry-of-the-bull.jpg,test,1,0.03279191628098488
albert-bierstadt_fishing-station-watch-hill.jpg,test,1,0.09521432965993881
solomon-joseph-solomon_an-octave-for-mr-ernest-hart-at-sir-henry-thompsons-house-1897.jpg,test,1,0.7254271507263184
david-johnson_schooley-s-mountain-new-jersey-1879.jpg,test,1,0.680875301361084
thomas-moran_golden-gate-yellowstone-national-park-0.jpg,test,1,0.8602311611175537
rudolf-von-alt_on-the-beach-of-santa-lucia-in-naples-1867.jpg,test,1,0.9999992847442627
pavel-svinyin_the-monument-to-alexander-hamilton-at-weehawken.jpg,test,1,2.379449314361102e-26
knud-baade_bird-mountain-hestmand.jpg,test,1,0.9551143646240234
orest-kiprensky_portrait-of-konstantin-batyushkov-1815-2.jpg,test,1,4.496620440185757e-23
john-frederick-kensett_study-for-trees-on-beverly-coast.jpg,test,1,0.9982547163963318
lev-lagorio_grand-prince-constantine-1880.jpg,test,1,0.4130648374557495
franz-xaver-winterhalter_portrait-of-louis-charles-philippe-raphael-dorleans-duke-of-nemours.jpg,test,1,0.9881064891815186
ford-madox-brown_may-memories.jpg,test,1,0.48804396390914917
edward-burne-jones_paderewski.jpg,test,1,0.5428600907325745
charles-m-russell_meat-s-not-meat-till-it-s-in-the-pan-1915.jpg,test,1,6.143228529253975e-05
oswald-achenbach_the-mole-of-naples-1859.jpg,test,1,0.7250667810440063
giuseppe-barberis_cattedrale-di-san-ciriaco-1898.jpg,test,1,0.9987939596176147
sir-lawrence-alma-tadema_the-roses-of-heliogabalus-1888.jpg,test,1,4.242448596869508e-07
james-webb_a-swim-headed-barge-1861.jpg,test,1,2.1276596271491144e-06
john-william-waterhouse_the-naiad-1893.jpg,test,1,0.35887274146080017
julia-margaret-cameron_paul-and-virginia-1864.jpg,test,1,0.6117822527885437
oswald-achenbach_bay-of-naples-with-a-view-of-mount-vesuvius.jpg,test,1,8.176448407226644e-10
william-shayer_a-rest-by-the-roadside.jpg,test,1,1.5414434528793208e-07
william-hart_cows-in-the-meadow-1878.jpg,test,1,0.021452946588397026
thomas-girtin_scene-in-the-lake-district-near-buttermere-1797.jpg,test,1,0.9999939203262329
howard-pyle_the-merry-adventures-of-robin-hood-7.jpg,test,1,0.7381576895713806
thomas-jones-barker_edward-hopper-hebden-1868.jpg,test,1,0.9704529643058777
william-holman-hunt_the-triumph-of-the-innocents-1876.jpg,test,1,0.35072061419487
adolphe-yvon_portrait-detienne-melingue-1856.jpg,test,1,4.006975018455705e-07
william-turner_the-burning-of-the-houses-of-parliament-2.jpg,test,1,4.434969866906613e-07
david-cox_westminster-from-battersea.jpg,test,1,5.738558770968655e-14
currier-and-ives_the-great-race-for-the-western-stakes-1870.jpg,test,1,2.0304568478269285e-35
william-collins_the-caves-of-ulysses-at-sorrento-naples-1843.jpg,test,1,0.017429593950510025
charles-turner_sir-edward-bruce-1817.jpg,test,1,4.947601096761846e-24
vincenzo-abbati_romantic-interior.jpg,test,1,1.0
taras-shevchenko_nunnery-in-chyhyryn-1845.jpg,test,1,0.001000711228698492
giovanni-battista-torriglia_the-wool-winders.jpg,test,1,0.020368685945868492
karl-bodmer_ptihn-tak-ochata-dance-of-the-mandan-women-plate-28-from-volume-1-of-travels-in-the-interior-of-1843.jpg,test,1,0.5499842762947083
thomas-sully_misses-mary-and-emily-mceuen-1823.jpg,test,1,0.10557712614536285
george-harvey_portrait-of-a-woman.jpg,test,1,0.9735399484634399
pavel-svinyin_steamboat-travel-on-the-hudson-river.jpg,test,1,2.932456442657355e-29
william-turner_okehampton.jpg,test,1,1.0
alexander-orlowski_portrait-of-a-girl.jpg,test,1,0.0030601273756474257
ferdinand-georg-waldm-ller_the-wife-of-court-official.jpg,test,1,0.20858940482139587
leonardo-alenza_satire-of-the-romantic-suicide-1839.jpg,test,1,0.9927223324775696
theodor-leopold-weller_hide-and-seek-1846.jpg,test,1,6.568200916490241e-08
john-pettie_bonnie-prince-charlie-1892.jpg,test,1,0.9812565445899963
heinrich-reinhold_group-of-houses-in-olevano-1821.jpg,test,1,0.9764624238014221
john-varley_a-boy-and-a-dog-none.jpg,test,1,1.0
lev-lagorio_old-tbilisi-1868.jpg,test,1,0.9947240948677063
alfred-stevens_portrait-of-m-l-bion-1892.jpg,test,1,0.5199211239814758
taras-shevchenko_andrushi-1845.jpg,test,1,2.743828775297885e-10
thomas-cole_lake-with-dead-trees-catskill-1825.jpg,test,1,0.999994158744812
frank-dicksee_the-beautiful-lady-without-pity-la-belle-dame-sans-merci.jpg,test,1,0.9351224899291992
john-william-waterhouse_woman-picking-flowers.jpg,test,1,0.0038604247383773327
charles-de-steuben_portrait-of-dmitry-benardaki-1844.jpg,test,1,0.4726139307022095
james-webb_on-the-meuse.jpg,test,1,0.8195263743400574
frederic-edwin-church_the-andes-of-ecuador-1855-0.jpg,test,1,0.9918574690818787
william-bradford_seascape.jpg,test,1,0.004929885268211365
gustav-bauernfeind_canal-scene-in-chioggia-with-bragozzo.jpg,test,1,1.0
carl-gustav-rodde_pejzaz-miejscowosci-schulpforte.jpg,test,1,0.9999997615814209
thomas-stuart-smith_colonna-dell-immacolata-from-the-via-macherroni-palermo-1855.jpg,test,1,1.0
william-shayer_at-the-bell-inn-cadnam-new-forest.jpg,test,1,2.4524881283851166e-21
hermann-ottomar-herzog_moonlight-in-holland.jpg,test,1,0.00019406840146984905
thomas-hill_fishing-party-in-the-mountains-1872.jpg,test,1,0.6099620461463928
john-atkinson-grimshaw_twilight-the-vegetable-garden-1869.jpg,test,1,0.7035617828369141
george-caleb-bingham_lighter-relieving-a-steamboat-aground-1847.jpg,test,1,0.7395454049110413
viktor-vasnetsov_bogatyrs-1881.jpg,test,1,0.9768100380897522
john-constable_the-view-of-salisbury-cathedral-from-the-river-with-the-house-of-the-archdeacon-fischer-1820.jpg,test,1,4.922384114897094e-13
byam-shaw_toeing-the-line-ascot.jpg,test,1,1.0826013863152184e-07
william-bradford_sunset-at-the-strait-of-belle-isle.jpg,test,1,0.12150745093822479
bertalan-szekely_discovery-of-the-body-of-king-louis-the-second-1860.jpg,test,1,0.005304037593305111
jean-baptiste-carpeaux_ugolino-and-his-sons-detail-1865.jpg,test,1,0.2117907702922821
george-caleb-bingham_the-verdict-of-the-people.jpg,test,1,3.4757488274503494e-18
ferdinand-hodler_dream.jpg,test,1,0.9991412162780762
caspar-david-friedrich_the-summer.jpg,test,1,0.9998766183853149
gabriel-von-max_monkey-before-skeleton-1900.jpg,test,1,0.9995317459106445
joseph-wright_a-grotto-in-the-kingdom-of-naples-with-banditti-1778.jpg,test,1,0.00018183303473051637
sir-lawrence-alma-tadema_in-the-time-of-constantine-1878.jpg,test,1,4.1297437691767414e-10
francisco-goya_the-monk.jpg,test,1,2.569225485572063e-13
david-cox_boy-opening-a-gate-for-sheep.jpg,test,1,5.683022497038337e-09
caspar-david-friedrich_study-of-heads-figures-and-foliage.jpg,test,1,0.25046274065971375
rembrandt-peale_rubens-peale-with-a-geranium.jpg,test,1,4.808384593268933e-13
thomas-sully_peasant-girl-after-rembrandt-s-young-girl-leaning-on-a-wiindowsill-1866.jpg,test,1,9.710754422798118e-10
hans-gude_oban-bay-1889.jpg,test,1,1.2278916772245907e-09
viktor-vasnetsov_madonna.jpg,test,1,1.0
charles-turner_thomas-lane-1814.jpg,test,1,5.040008436283361e-32
edward-poynter_asterie-1904.jpg,test,1,0.9999970197677612
fyodor-solntsev_royal-clothing-of-the-xvii-century.jpg,test,1,0.6803340911865234
carl-haag_woman-of-albano-1852.jpg,test,1,0.6319518685340881
henry-fuseli_the-infant-shakespeare-between-tragedy-and-comedy-1805.jpg,test,1,0.6853505373001099
viktor-vasnetsov_solitary-and-bobylikha-1885.jpg,test,1,0.1364750862121582
adolphe-joseph-thomas-monticelli_the-hay-card.jpg,test,1,0.9121771454811096
rudolf-von-alt_the-st-stephen-s-cathedral-in-vienna.jpg,test,1,1.0
asher-brown-durand_woodland-interior.jpg,test,1,2.8929587675072255e-13
john-frederick-lewis_andalusia-1835.jpg,test,1,0.9999864101409912
osman-hamdi_the-petitioner.jpg,test,1,0.00037652571336366236
honore-daumier_st-magdalene-in-the-desert-1852.jpg,test,1,2.5162241310800024e-16
hermann-hendrich_gretchens-appearance-gretchens-tragedy.jpg,test,1,0.9999964237213135
silvestro-lega_the-red-corset.jpg,test,1,0.9579150676727295
charles-turner_david-pike-watts-1817.jpg,test,1,1.5452870181857052e-18
vincenzo-abbati_interior-of-gothic-basilica.jpg,test,1,1.0
john-atkinson-grimshaw_under-the-harvest-moon-1872.jpg,test,1,0.9998564720153809
jacek-malczewski_melancholia-1894.jpg,test,1,0.00030120561132207513
frederick-george-cotman_sunday-morning-1879.jpg,test,1,0.5965956449508667
marcus-stone_the-soldier-s-return-1900.jpg,test,1,0.6887970566749573
theodor-leopold-weller_child-studies.jpg,test,1,0.03221640735864639
jean-leon-gerome-ferris_the-birth-of-pennsylvania-1680.jpg,test,1,0.2804468870162964
thomas-hill_mount-shasta-from-castle-lake-at-evening.jpg,test,1,0.999923586845398
rudolf-von-alt_the-large-pine-in-gastein-1895.jpg,test,1,1.4305522988422581e-08
filippo-indoni_woman-playing-a-guitar-1890.jpg,test,1,2.490934321031091e-06
johan-christian-dahl_der-watzmann-1825.jpg,test,1,0.9999998807907104
albrecht-adam_battle-of-borodino-1812-1815.jpg,test,1,0.9985412359237671
gustave-dore_paolo-and-francesca.jpg,test,1,1.1956032261128777e-28
jean-leon-gerome-ferris_franklins-return-to-philadelphia-1785.jpg,test,1,0.9999337196350098
jose-maria-velasco_autoretrato-1860.jpg,test,1,0.21708086133003235
edward-burne-jones_portrait-of-cecily-horner.jpg,test,1,3.5392407754519795e-11
alfred-dehodencq_etude-pour-le-portrait-du-general-fergusson-gouverneur-de-gibraltar.jpg,test,1,6.852623937042557e-14
pierre-paul-prud-hon_andromache-and-astyanax.jpg,test,1,0.9877168536186218
johann-koler_portrait-of-hugo-treffner-1886.jpg,test,1,0.0013675340451300144
john-ruskin_bellinzona-1858.jpg,test,1,0.7374542355537415
gerolamo-induno_female-gypsy-1889.jpg,test,1,3.3168257029814185e-09
simeon-solomon_the-sixties.jpg,test,1,1.3668392222864266e-28
giuseppe-barberis_la-chiesetta-1901.jpg,test,1,1.6151832937794097e-07
william-turner_rome-from-the-vatican.jpg,test,1,0.9999575614929199
arthur-hughes_in-the-grass.jpg,test,1,0.002711223205551505
alexander-orlowski_portrait-of-denis-davydov-1814.jpg,test,1,9.474700444111015e-18
evelyn-de-morgan_moonbeams.jpg,test,1,0.08657536655664444
william-holbrook-beard_seminole-child-1878.jpg,test,1,0.23270314931869507
albert-benua_the-evening-at-the-seashore-1910.jpg,test,1,9.422816666477749e-14
hendrik-voogd_large-oak-tree-in-front-of-a-small-oak-grove-in-the-background-with-sleeping-shepherd-and-resting.jpg,test,1,0.9999997615814209
karl-bryullov_portrait-of-grand-duchess-olga-nikolaevna.jpg,test,1,0.27334749698638916
carl-gustav-rodde_am-nemisee.jpg,test,1,0.007675902917981148
john-pettie_jacobites-1745-1874.jpg,test,1,0.0025428400840610266
giuseppe-barberis_basilica-di-san-nicola-1898.jpg,test,1,1.0
alexander-clarot_portrait-of-a-woman-1840.jpg,test,1,1.0
gustave-moreau_pieta-1854.jpg,test,1,0.023838279768824577
david-allan_john-francis-7th-earl-of-mar-and-family.jpg,test,1,0.0037463619373738766
john-absolon_portrait-of-a-lady-1855.jpg,test,1,0.9999734163284302
thomas-stuart-smith_italian-pastoral-1869.jpg,test,1,0.18170477449893951
alexandre-gabriel-decamps_hunting-dogs-1839.jpg,test,1,4.3982733914265215e-31
theodor-leopold-weller_italian-family.jpg,test,1,0.5538703203201294
theodore-gericault_the-epsom-derby-1821.jpg,test,1,0.00021991771063767374
john-hoppner_portrait-of-a-lady-1790.jpg,test,1,0.7123746871948242
francesco-hayez_julius-caesar-in-the-senate-1875.jpg,test,1,0.9766245484352112
william-barnes-wollen_black-watch-at-the-battle-of-quatre-bras-1815.jpg,test,1,0.12835213541984558
john-leech_terrific-combat-between-titus-manlius-and-a-gaul-of-gigantic-stature.jpg,test,1,0.0
hans-gude_fra-sandvika-1873.jpg,test,1,8.117432281906645e-10
martin-rico_paisaje-de-la-casa-de-campo.jpg,test,1,1.4068720632920417e-09
giuseppe-barberis_basilica-of-the-holy-trinity.jpg,test,1,0.9642828702926636
alexandre-gabriel-decamps_two-studies-of-a-seated-arab-with-a-pipe.jpg,test,1,0.850767970085144
john-absolon_landscape-with-a-windmill-and-village.jpg,test,1,8.059163738147295e-25
heinrich-burkel_auftrieb-zur-alm-an-der-benediktenwand.jpg,test,1,0.003926275763660669
charles-turner_john-emery-as-tyke-in-morton-s-school-of-reform-1808.jpg,test,1,1.2475847364073858e-17
alexander-clarot_half-length-portrait-of-a-lady-in-greek-costume-presumably-the-artists-wife-1832.jpg,test,1,0.9999409914016724
giovanni-battista-torriglia_a-new-friend.jpg,test,1,4.025778462760782e-13
george-frederick-watts_sir-galahad.jpg,test,1,0.003947573713958263
john-william-waterhouse_sleep-and-his-half-brother-death-1874.jpg,test,1,0.9999277591705322
john-atkinson-grimshaw_november-afternoon-stapleton-park.jpg,test,1,0.012180567719042301
bartolomeo-pinelli_a-group-of-three-peasants-in-a-village-1808.jpg,test,1,7.699136467254064e-13
simeon-solomon_a-youth-relating-tales-to-ladies-1870.jpg,test,1,0.0007004279759712517
william-shayer_hms-alexander-commanded-by-captain-rodney-bligh-shortly-before-striking-her-colours-to-the-1819.jpg,test,1,0.9940499067306519
alexander-orlowski_convicts-under-escort-1815.jpg,test,1,1.0460216799401678e-06
penry-williams_crawshays-cyfarthfa-ironworks-1817.jpg,test,1,0.6990601420402527
ford-madox-brown_jesus-washing-peter-s-feet-1876.jpg,test,1,0.9660469889640808
david-cox_junction-of-the-severn-and-the-wye-with-a-rainbow-1829.jpg,test,1,2.3315534747325728e-07
thomas-moran_venetian-grand-canal-0.jpg,test,1,0.1166694238781929
achille-pinelli_peasant-family-and-monks-with-animals-near-a-church.jpg,test,1,1.0
william-leighton-leitch_haywards-heath.jpg,test,1,1.8478420833398235e-13
marcus-larson_stormy-sea-with-ship-wreck-1857.jpg,test,1,0.2231072038412094
bartolomeo-pinelli_laundry-in-the-mountains-near-rome-1808.jpg,test,1,3.534565246411991e-19
rosario-weiss-zorrilla_dibujo-caballero.jpg,test,1,5.602176944563553e-09
jan-matejko_leszek-i-the-white.jpg,test,1,0.0586833730340004
thomas-jones_classical-landscape-with-a-river-1794.jpg,test,1,0.6711219549179077
heywood-hardy_a-summers-day-in-cleveland-1889.jpg,test,1,1.5861497786318068e-06
luc-olivier-merson_study-for-christ-etude-pour-le-christ-dans-la-vision.jpg,test,1,0.9231916069984436
johan-christian-dahl_elbe-landscape-with-tranquil-sheep-1824.jpg,test,1,0.5448775887489319
vasily-polenov_portrait-of-d-khrushcheva-the-artist-s-sister-1874.jpg,test,1,1.93993382708868e-05
maxim-vorobiev_by-an-old-mill.jpg,test,1,1.3696762612980251e-09
david-cox_sun-wind-and-rain-1811.jpg,test,1,0.0004096344637218863
karl-bryullov_portrait-of-zavyalov-fedor.jpg,test,1,1.635396620258689e-05
eleanor-fortescue-brickdale_a-knight-and-cupid-before-a-castle-door.jpg,test,1,0.9997528195381165
oswald-achenbach_chiaia-beach-at-sunset-1878.jpg,test,1,0.7832239866256714
richard-parkes-bonington_view-of-venice.jpg,test,1,0.5970879793167114
jasper-francis-cropsey_study-of-a-clump-of-trees-1848.jpg,test,1,2.4685523070111515e-10
solomon-joseph-solomon_cdn-well-45643i-001.jpg,test,1,0.9904165267944336
william-gilbert-foster_runswick-bay.jpg,test,1,0.31440743803977966
william-collins_the-minnow-catchers.jpg,test,1,0.3417247235774994
silvestro-lega_david-calming-sauls-fury-with-the-harp-1852.jpg,test,1,0.9997729659080505
aurelio-tiratelli_geese-and-rabbits-in-the-yard.jpg,test,1,3.1195702376862755e-07
thomas-girtin_kidwelly-church-caermarthenshire-1797.jpg,test,1,0.9999910593032837
francisco-goya_portrait-of-leandro-fernandez-de-moratin.jpg,test,1,2.40648296312429e-05
jean-baptiste-carpeaux_portrait-du-sculpteur-joseph-osbach-1874.jpg,test,1,0.9701939225196838
rosario-weiss-zorrilla_retrato-de-goya.jpg,test,1,0.9425123929977417
giuseppe-barberis_gran-ponte-in-ferro-sul-po-1899.jpg,test,1,0.7805328369140625
konstantin-makovsky_children-running-from-the-storm.jpg,test,1,0.6519042253494263
viktor-vasnetsov_underwater-tower-1884.jpg,test,1,0.9999982118606567
oswald-achenbach_view-of-capri-1884.jpg,test,1,0.004007679410278797
frank-cadogan-cowper_eve.jpg,test,1,0.9750826954841614
francisco-goya_a-prison-scene-1814.jpg,test,1,0.5098848342895508
alfred-stevens_reverie.jpg,test,1,5.904822986596106e-20
rudolf-von-alt_the-parish-church-in-ofen-1.jpg,test,1,1.0
alexandre-gabriel-decamps_the-monkey-painter-workshop-interior-1833.jpg,test,1,0.9511815309524536
thomas-sully_gypsy-woman-and-child-after-murillo-1859.jpg,test,1,0.8680813908576965
heywood-hardy_off-to-the-hunt.jpg,test,1,1.9107034476741752e-13
john-absolon_olivia-resting.jpg,test,1,0.42105135321617126
antonio-ciseri_portrait-of-luigi-majoli-1856.jpg,test,1,0.8291550278663635
thomas-lawrence_head-of-an-unknown-young-woman-1805.jpg,test,1,6.661984571110224e-06
frank-dicksee_startled.jpg,test,1,5.308064317949279e-12
andreas-achenbach_steep-coast-on-heligoland.jpg,test,1,0.4543405771255493
james-webb_namur-belgium-1878-1.jpg,test,1,0.9999986886978149
theodor-leopold-weller_italian-mother-with-toddler-and-boy-in-a-landscape-1849.jpg,test,1,0.7348722219467163
albrecht-adam_battle-for-moscow-7-september-1812-1825.jpg,test,1,1.0
penry-williams_fisher-boys.jpg,test,1,0.19470468163490295
maria-fortuny_african-beach.jpg,test,1,2.2820680900537127e-09
angelo-zoffoli_the-young-officer-and-his-lady.jpg,test,1,0.999950647354126
andreas-achenbach_it-clears-up-coast-of-sicily-1847.jpg,test,1,2.1030129948671622e-13
sophie-gengembre-anderson_young-girl-fixing-her-hair.jpg,test,1,0.11815387010574341
frederick-sandys_medea-1868.jpg,test,1,1.0
antonio-ciseri_our-lady-of-the-sacred-heart.jpg,test,1,0.9814697504043579
frederick-william-burton_portrait-of-mary-palliser.jpg,test,1,0.7731485962867737
carle-vernet_len-cossack-on-horseback-1825.jpg,test,1,0.9997320771217346
george-harvey_woman-and-child.jpg,test,1,0.4099040627479553
richard-parkes-bonington_green-fields-at-the-boards-of-rio-das-velhas.jpg,test,1,3.930771336097584e-37
john-pettie_a-musicians-reverie.jpg,test,1,0.05890988931059837
caspar-david-friedrich_easter-morning.jpg,test,1,0.8774265050888062
albert-benua_halt-of-travelers-at-a-fire-1936.jpg,test,1,0.9582051634788513
franz-xaver-winterhalter_emperor-frederick-iii-of-germany-king-of-prussia-with-his-wife-empress-victoria-and-their.jpg,test,1,0.06497980654239655
richard-parkes-bonington_view-on-the-grounds-of-a-villa-near-florence.jpg,test,1,0.5012898445129395
karoly-lotz_harvest.jpg,test,1,1.1562294233158354e-08
giuseppe-barberis_campanile-della-chiesa-delle-orsoline-in-alessandria-1890.jpg,test,1,0.7839275598526001
hans-gude_in-the-archipelago-1860.jpg,test,1,2.2732935534008902e-08
thomas-jones-barker_colin-campbell-1st-baron-clyde-field-marshal-1860.jpg,test,1,4.849659736294587e-12
richard-parkes-bonington_fishmarket.jpg,test,1,0.1952553391456604
francesco-hayez_reconciliation-of-otto-ii-with-his-mother-adelaide-of-burgundy-1858.jpg,test,1,0.47919678688049316
joseph-anton-koch_tiroler-landsturm-1820.jpg,test,1,0.6525090932846069
herbert-gustave-schmalz_elaine-1885.jpg,test,1,8.90061461002631e-20
thomas-jones-barker_self-portrait.jpg,test,1,3.934108462999575e-05
james-webb_evening-scene.jpg,test,1,0.08454714715480804
william-shayer_landscape-with-figures-on-a-path.jpg,test,1,0.8377261757850647
william-gilbert-foster_harbour-north-shields-1890.jpg,test,1,0.9999988079071045
emanuel-gottlieb-leutze_nathan-flint-baker-1845.jpg,test,1,0.6655000448226929
albert-benua_lyuteranskaya-tserkov-svyatoy-marii-na-peterburgskoy-storone.jpg,test,1,0.9999943971633911
alexandre-gabriel-decamps_passing-by-on-the-other-side.jpg,test,1,0.6840499639511108
elizabeth-thompson_the-cape-flats.jpg,test,1,0.999932050704956
bartolomeo-pinelli_study.jpg,test,1,0.995089590549469
philipp-otto-runge_ruhe-auf-der-flucht-1800.jpg,test,1,3.075870003144132e-09
david-roberts_the-chapel-of-saint-saba.jpg,test,1,0.3997527062892914
karl-bodmer_fort-pierre-1832.jpg,test,1,0.6319608688354492
cornelis-springer_the-oude-waag-at-the-westerkerk.jpg,test,1,0.8352394700050354
ferdinand-georg-waldm-ller_old-woman-with-white-bander-hood.jpg,test,1,1.681780768302238e-27
rodolfo-amoedo_estudo-para-painel-decorativo-do-instituto-nacional-de-musica-1906.jpg,test,1,0.998816728591919
sydney-laurence_alaska-sunset.jpg,test,1,0.5459828972816467
piotr-michalowski_battle-1855.jpg,test,1,3.632453479569029e-17
miklos-barabas_quay-of-the-danube-with-greek-church-in-1843-1843.jpg,test,1,1.4720458239025902e-06
benjamin-constant_portrait-of-madame-helene-vincent.jpg,test,1,1.0
john-martin_sadak-in-search-of-the-waters-of-oblivion-1812.jpg,test,1,2.763390796189924e-07
wilhelm-von-kaulbach_gretchen-in-front-of-the-mater-dolorosa-1859.jpg,test,1,5.84938042378041e-35
honore-daumier_horse-drawn.jpg,test,1,0.4807400405406952
constantin-daniel-rosenthal_portrait-of-nicolae-golescu.jpg,test,1,0.9999904632568359
karl-bryullov_portrait-of-s-a-sobolevsky-1.jpg,test,1,0.37760764360427856
berthold-woltze_a-letter-from-america-1880.jpg,test,1,0.9723759889602661
achille-pinelli_the-basilica-of-san-bartolomeo-allisola.jpg,test,1,0.26009127497673035
byam-shaw_rising-spring-1911.jpg,test,1,0.6492813229560852
fyodor-solntsev_on-the-iconographic-image-of-the-saviour-the-nereditskaya-church.jpg,test,1,0.0007732526282779872
vasily-tropinin_kusov-alexey.jpg,test,1,4.3906363462499487e-13
edwin-henry-landseer_study-of-a-dog-lying-down.jpg,test,1,0.0028264173306524754
rudolf-von-alt_figures-on-the-riva-degli-schiavone-1840.jpg,test,1,0.6170921325683594
luis-de-madrazo-y-kuntz_primer-milagro-de-santa-teresa-de-jesus-resurreccion-de-su-sobrino-don-gonzalo-ovalle-hijo-de-su-1855.jpg,test,1,0.7903262972831726
alexandre-gabriel-decamps_albanian-duel-somewhere-in-south-of-albania-during-ottoman-reign-1828.jpg,test,1,1.8314533889451923e-08
john-frederick-herring-sr_lop-eared-rabbits-1860.jpg,test,1,8.404601430811454e-06
henryk-siemiradzki_chopin-playing-the-piano-in-prince-radziwills-salon-1887.jpg,test,1,0.9574097394943237
john-frederick-herring-sr_the-royal-mail-coach-on-the-road-1841.jpg,test,1,1.5098013834974866e-18
william-collins_the-mariner-s-widow-1835.jpg,test,1,0.6038431525230408
evelyn-de-morgan_sleep-and-death-the-children-of-the-night-1883.jpg,test,1,0.9999653100967407
john-constable_hadleigh-castle-1829.jpg,test,1,8.742278717621416e-15
frederick-morgan_milk-for-the-calves-1883.jpg,test,1,0.5730924010276794
leonardo-alenza_satire-of-suicide-from-love-1839.jpg,test,1,0.9999948740005493
mary-josephine-walters_study-of-ferns.jpg,test,1,0.9994951486587524
john-ruskin_tower-of-the-cathedral-at-sens-1845.jpg,test,1,0.9999961853027344
john-constable_a-view-on-the-stour-near-dedham-1822.jpg,test,1,8.149221741859947e-09
ferdinand-georg-waldm-ller_old-elms-in-prater-1831.jpg,test,1,0.8271669149398804
theodor-leopold-weller_souvenir-of-capri.jpg,test,1,0.9981355667114258
john-william-waterhouse_the-charmer-1911-2.jpg,test,1,0.7919835448265076
thomas-sully_the-alexander-family-group-portrait-1851.jpg,test,1,0.999883770942688
henryk-rodakowski_ukrainian-1877.jpg,test,1,7.98590699560009e-05
ferdinand-georg-waldm-ller_lake-fuschel-with-schafberg-1835.jpg,test,1,0.7364867925643921
franz-xaver-winterhalter_study-of-a-girl-in-profile-1.jpg,test,1,0.4832105040550232
charles-gleyre_two-women-with-a-bouquet-of-flowers-1852.jpg,test,1,0.8682454228401184
gabriel-von-max_ophelia.jpg,test,1,0.9046041965484619
theodore-gericault_the-page-mazeppa.jpg,test,1,0.5816482901573181
george-romney_head-of-an-apostle-1.jpg,test,1,0.1075994074344635
thomas-girtin_a-thatched-cottage-among-trees-1802.jpg,test,1,2.007285231172437e-26
jan-matejko_mieszko-ii-lambert.jpg,test,1,6.285331806502122e-30
hans-gude_from-the-mountains-1849.jpg,test,1,0.00048230786342173815
pierre-paul-prud-hon_louise-antoinette-lannes-duchess-of-montebello.jpg,test,1,0.011638241820037365
knud-baade_milkmaid-with-cattle-by-a-summer-farm-1861.jpg,test,1,0.9900246858596802
john-crome_carrow-abbey-norwich-1805.jpg,test,1,0.007096670567989349
jasper-francis-cropsey_the-spirit-of-war-1851.jpg,test,1,0.007785157300531864
eugene-von-guerard_fall-of-the-lallal-creek-112-feet-high-branch-of-the-moorobool-near-buninyong-1858.jpg,test,1,0.9997262358665466
orest-kiprensky_portrait-of-a-dmitriyev-mamonov-1815.jpg,test,1,3.311374894110486e-05
john-absolon_john-absolon-the-meeting-place-under-the-tree-wc-meisterdrucke-304412.jpg,test,1,0.43442869186401367
john-collier_the-grand-lady-1920.jpg,test,1,7.245759155345422e-28
sophie-gengembre-anderson_heres-the-gobbler-1877.jpg,test,1,0.041402217000722885
jessie-willcox-smith_the-princess-and-the-goblin-1920-1.jpg,test,1,1.0
fyodor-bronnikov_rebel-1885.jpg,test,1,0.00022951480059418827
asher-brown-durand_forest-in-the-morning-light.jpg,test,1,2.4925406790637927e-13
jessie-willcox-smith_the-princess-and-the-goblin-1920-6.jpg,test,1,0.9991519451141357
george-stubbs_a-zebra-1763.jpg,test,1,0.2388027012348175
gustav-bauernfeind_view-from-jaffathor-in-jerusalem-1893.jpg,test,1,7.955082524240643e-29
henri-regnault_portrait-of-the-artists-brother-1866.jpg,test,1,0.032071955502033234
paul-cezanne_landscape-1867.jpg,test,1,0.7300927042961121
william-shayer_the-cowherd.jpg,test,1,0.7817059755325317
albert-benua_in-finland.jpg,test,1,0.8031561970710754
simeon-solomon_the-haunted-house-1858.jpg,test,1,0.9058519005775452
sophie-gengembre-anderson_peek-a-boo.jpg,test,1,4.581914618029259e-05
john-hoppner_portrait-of-mrs-williams-circa-1790.jpg,test,1,0.0006038322462700307
louis-janmot_po-me-de-l-me-2-le-passage-des-mes.jpg,test,1,0.9999995231628418
edward-poynter_pea-blossoms-1890.jpg,test,1,0.1784178465604782
alfred-concanen_cover-for-g-h-macdermotts-song-i-like-a-little-toddle-down-regent-street-1882.jpg,test,1,1.5010340575827286e-05
howard-pyle_otto-of-the-silver-hand-29.jpg,test,1,4.7560518294692875e-37
giovanni-battista-torriglia_blowing-bubbles.jpg,test,1,0.9996659755706787
andrei-ryabushkin_russian-women-of-the-xvii-century-in-church.jpg,test,1,5.939711627434008e-06
robert-bateman_reading-of-love-he-being-by-1874.jpg,test,1,0.005376411601901054
jan-matejko_battle-of-grunwald-jan-zizka-detail.jpg,test,1,0.6389623284339905
francisco-goya_fight-with-a-young-bull.jpg,test,1,1.5598782573782166e-13
pavel-svinyin_new-york-city-and-harbor-from-weehawken.jpg,test,1,5.143303934716827e-22
marcus-larson_nocturnal-voyage.jpg,test,1,0.00045577771379612386
herbert-gustave-schmalz_great-awakening-1890.jpg,test,1,0.6623358726501465
thomas-couture_harlequin-and-pierrot-1857.jpg,test,1,0.053460992872714996
gustav-bauernfeind_the-ruined-temple-in-baalbek.jpg,test,1,0.3526865243911743
ferdinand-georg-waldm-ller_the-homecoming-1859.jpg,test,1,1.246333113158471e-06
charles-m-russell_sioux-torturing-a-blackfoot-brave-1897.jpg,test,1,8.982374304993788e-20
cornelis-springer_a-view-of-franeker-with-the-zakkend-ragerschuisje-1872.jpg,test,1,0.2714323401451111
richard-dadd_a-turk-1863.jpg,test,1,0.9999566078186035
eugene-von-guerard_weatherboard-fall-n-s-w-1867.jpg,test,1,1.0
alfred-stevens_the-baroness-von-munchhausen.jpg,test,1,0.7430590987205505
thomas-lawrence_lady-georgiana-fane-1806.jpg,test,1,0.03072340041399002
charles-de-steuben_distribution-of-awards-to-artists-at-the-end-of-the-1824-salon-january-15-1825.jpg,test,1,2.1845135075859723e-11
john-william-waterhouse_tristram-and-isolde-1916.jpg,test,1,0.5598520040512085
frederick-morgan_ring-a-ring-a-roses-oh-1885.jpg,test,1,0.7442891001701355
domenico-induno_sick-alexander-who-emptying-the-cup-offered-to-him-by-his-doctor-condemns-with-his-act-of-generous-1839.jpg,test,1,0.9526984691619873
hans-gude_arenenberg-ved-ermatingen-bodensee-1879.jpg,test,1,4.627232994149468e-16
francesco-didioni_othello-and-desdemona-1895.jpg,test,1,0.0028423459734767675
george-frederick-watts_eveleen-tennant-later-mrs-f-w-h-myers.jpg,test,1,0.5987012386322021
emanuel-gottlieb-leutze_washington-rallying-the-troops-at-monmouth.jpg,test,1,0.8547945022583008
albrecht-adam_battle-of-ostrovno-1812.jpg,test,1,0.9999748468399048
thomas-moran_cresheim-glen-wissahickon-autumn-1864-1.jpg,test,1,0.6283693909645081
henry-raeburn_mrs-scott-moncrieff.jpg,test,1,0.8370895385742188
andreas-achenbach_surf-on-a-rocky-coast-1835.jpg,test,1,1.877984504972119e-05
karoly-lotz_five-in-hand-1857.jpg,test,1,0.4858603775501251
knud-baade_skystudie-1850.jpg,test,1,0.002506603952497244
giovanni-battista-torriglia_the-web-of-life.jpg,test,1,0.9995518326759338
eugene-delacroix_self-portrait-with-cap-1832.jpg,test,1,9.962214847755627e-19
jean-baptiste-carpeaux_madame-defly.jpg,test,1,1.26162191804724e-07
charles-m-russell_the-herd-quitter-1902.jpg,test,1,0.8800650238990784
hermann-hendrich_witches-dance-floor-0.jpg,test,1,0.9473831653594971
carl-larsson_clair-obscur-1877.jpg,test,1,0.024818025529384613
francesco-hayez_louis-xiv-and-mademoiselle-de-la-vallere-1838.jpg,test,1,0.8706470131874084
john-wilson-carmichael_the-pool-of-london.jpg,test,1,0.805614709854126
alfred-stevens_in-memoriam.jpg,test,1,0.009419741109013557
john-frederick-herring-sr_autumn-1846.jpg,test,1,2.9991812565035655e-22
philipp-otto-runge_die-h-lsenbeckschen-kinder-1806.jpg,test,1,0.07619211822748184
edmund-blair-leighton_the-lord-of-burleigh.jpg,test,1,1.8578105720479243e-10
leon-cogniet_louis-philippe-dorleans-duc-de-chartres-en-1792.jpg,test,1,0.9999994039535522
maurycy-gottlieb_jews-praying-in-the-synagogue-on-yom-kippur-1878.jpg,test,1,2.1647567336913198e-05
john-frederick-lewis_john-crocker-bulteel-in-his-parlour.jpg,test,1,0.9945082068443298
david-cox_a-bridge.jpg,test,1,5.967985430005658e-26
henryk-rodakowski_portret-aleksandra-fredry-1846.jpg,test,1,2.700177901715506e-05
raden-saleh_a-landscape-in-the-dutch-east-indies.jpg,test,1,0.9984756112098694
alexander-pope_trophies-of-the-hunt-1905.jpg,test,1,0.9992796778678894
charles-de-steuben_peter-the-great-in-childhood-saved-by-mother-from-rage-of-archers-1830.jpg,test,1,1.4761134966236812e-21
paul-kane_big-snake-chief-of-the-blackfoot-indians-recounting-his-war-exploits-to-five-subordinate-chiefs-1856.jpg,test,1,0.09964817017316818
alexander-pope_the-trumpeter-swan-1900.jpg,test,1,0.9994644522666931
mikhail-vrubel_italian-fisherman.jpg,test,1,1.9382746359042358e-06
eugene-delacroix_landscape-near-tangier.jpg,test,1,3.0566412099444946e-16
edwin-henry-landseer_a-scene-at-abbotsford-exhibited.jpg,test,1,9.879611795327037e-09
andreas-achenbach_on-a-stormy-sea-1898.jpg,test,1,0.6300646662712097
pierre-paul-prud-hon_justice-and-divine-vengeance-pursuing-crime-study-1808.jpg,test,1,1.0239512709953047e-10
george-harvey_young-man-in-a-riding-cloak-1827.jpg,test,1,0.9986801743507385
jessie-willcox-smith_the-little-land-1905.jpg,test,1,0.9999418258666992
heywood-hardy_the-aviary-1877.jpg,test,1,0.021022925153374672
thomas-hill_still-life-with-roses-and-wine-glasses-1855.jpg,test,1,0.001841411809436977
dante-gabriel-rossetti_the-laboratory-1849.jpg,test,1,0.9999980926513672
karoly-lotz_portrait-of-kornelia-lotz-1895.jpg,test,1,0.9502133727073669
byam-shaw_and-who-knoweth-whether-he-shall-be-a-wis-man-or-a-fool.jpg,test,1,0.976173996925354
frederic-edwin-church_view-of-the-hudson-river-from-olana.jpg,test,1,0.0011009880108758807
wilhelm-von-kaulbach_die-heroen-der-naturwissenschaft-1863.jpg,test,1,1.9503719616896852e-34
giovanni-battista-torriglia_the-centre-of-attention.jpg,test,1,0.010541393421590328
arnold-bocklin_high-mountains-with-chamoises-1849.jpg,test,1,0.6840047240257263
henryk-siemiradzki_funeral-of-an-old-russian-nobleman.jpg,test,1,0.5822960138320923
george-hemming-mason_girls-dancing-a-pastoral-symphony-1869.jpg,test,1,0.9999942779541016
saverio-della-gatta_woman-with-boy-1799.jpg,test,1,0.9982722997665405
robert-bateman_heloise-and-abelard.jpg,test,1,0.01786033622920513
adolphe-yvon_marshall-ney-at-retreat-in-russia.jpg,test,1,9.925811284006159e-09
karl-bodmer_dog-sledges-of-the-mandan-indians-plate-28-from-volume-2-of-travels-in-the-interior-of-north.jpg,test,1,2.5033854938797913e-16
henri-regnault_berger-des-montagnes-de-la-castille.jpg,test,1,0.9867283701896667
jenaro-perez-villaamil_view-of-city-of-fraga-and-its-hanging-bridge-1850.jpg,test,1,1.0
camille-corot_sicilian-odalisque-1872.jpg,test,1,1.3827606187887323e-14
simeon-solomon_david-dancing-before-the-ark.jpg,test,1,0.9695684313774109
richard-caton-woodville-jr_i-am-m-de-barthe-a-gentleman-of-normandy-1895.jpg,test,1,1.0414596325008501e-29
mikhail-vrubel_sitter-in-the-renaissance-setting-1883.jpg,test,1,0.9475001096725464
paul-gavarni_physionomies-parisiennes-petit-commerce-la-monnaie-d-un-ballon-1858.jpg,test,1,1.3251248276446859e-07
heinrich-papin_austrian-grenadiers.jpg,test,1,1.665959870056355e-10
penry-williams_the-shrine-1830.jpg,test,1,0.2837185561656952
louis-philippe-crepin_combat-naval-en-vue-des-iles-de-loz-7-fevrier-1813.jpg,test,1,0.8888577818870544
martin-johnson-heade_two-fighting-hummingbirds-with-two-orchids-1875.jpg,test,1,0.9942850470542908
george-frederick-watts_augusta-lady-castletown.jpg,test,1,0.866195797920227
ernest-hebert_ophelia.jpg,test,1,0.8985388875007629
carl-haag_wool-spinner-1852.jpg,test,1,1.0
benjamin-constant_lutetia-famae-genitrix.jpg,test,1,0.988874077796936
john-frederick-kensett_october-in-the-marshes.jpg,test,1,0.1612614244222641
edwin-austin-abbey_who-is-sylvia-1900.jpg,test,1,0.6956990361213684
franz-richard-unterberger_amalfi-the-gulf-of-salerno-1.jpg,test,1,1.9898283866968958e-13
adolphe-joseph-thomas-monticelli_young-girls-and-dog-in-a-park.jpg,test,1,7.226774869195651e-06
franz-xaver-winterhalter_the-beautiful-american-1869.jpg,test,1,2.095886181621709e-12
william-gilbert-foster_boating-at-dusk.jpg,test,1,0.9340506196022034
horace-vernet_angel-of-death-1851.jpg,test,1,0.9738360047340393
hermann-ottomar-herzog_norwegian-highlands-loerdals-fjord.jpg,test,1,0.020860139280557632
george-harvey_study-of-trees.jpg,test,1,0.9985243678092957
graham-sutherland_the-philosophers-1924.jpg,test,1,0.23290100693702698
fyodor-solntsev_royal-and-nobleman-clothing-of-the-xvii-century.jpg,test,1,0.2606388330459595
berthold-woltze_die-gartenlaube-the-garden-arbor-1871-2.jpg,test,1,1.746710811977803e-17
peter-nicolai-arbo_asgardsreien-a-norse-version-of-wild-hunt-1872.jpg,test,1,0.010158935561776161
fyodor-bronnikov_meeting-of-princess-1883.jpg,test,1,0.03564668819308281
francisco-goya_procession-of-monks.jpg,test,1,0.5274894833564758
heywood-hardy_holiday-time.jpg,test,1,0.9998681545257568
hans-gude_the-harbor-1871.jpg,test,1,7.032492366221277e-10
horace-vernet_the-maidens-lament.jpg,test,1,0.9998923540115356
john-william-waterhouse_the-missal-1902.jpg,test,1,0.02812551148235798
maurycy-gottlieb_portrait-of-a-woman-1878.jpg,test,1,0.003308596322312951
john-quidor_rip-van-winkle-1829.jpg,test,1,1.0
jasper-francis-cropsey_niagara-falls-from-the-foot-of-goat-island-1857.jpg,test,1,0.9999997615814209
alfred-concanen_cover-design-for-complaints-or-the-ills-of-life-with-their-remedies-song.jpg,test,1,1.5946488574059003e-08
emanuel-gottlieb-leutze_bird-nesting-1837.jpg,test,1,0.012895963154733181
gilbert-stuart_margaret-crease-stackpole-welch-1815.jpg,test,1,4.229604655847652e-06
charles-turner_louis-xviii-king-of-france-1812.jpg,test,1,3.8669631732823895e-13
robert-william-buss_a-funeral-bearer-1840.jpg,test,1,2.929050708644354e-07
piotr-michalowski_somosierra.jpg,test,1,0.810873806476593
john-everett-millais_study-for-ophelia-1852.jpg,test,1,6.674587098298712e-12
alfred-stevens_women-s-harp.jpg,test,1,0.9969778060913086
andreas-achenbach_motif-from-bohuslan-study-1835.jpg,test,1,9.950169442163315e-06
john-hoppner_mrs-cholmondeley-1791.jpg,test,1,0.8136565685272217
viktor-vasnetsov_flying-carpet-1926.jpg,test,1,0.9999982118606567
edward-burne-jones_georgiana-burne-jones-their-children-margaret-and-philip-in-the-background-1883.jpg,test,1,0.9970644116401672
pedro-americo_dom-pedro-ii-na-abertura-da-assembleia-geral-1872.jpg,test,1,4.6565567402012675e-08
james-hamilton_on-hampstead-heath-1856.jpg,test,1,1.5493987504493601e-21
karl-bodmer_cat-playing-with-an-adder.jpg,test,1,0.664887547492981
horace-vernet_philippe-lenoir-1814.jpg,test,1,1.0
christen-kobke_gateway-in-the-via-sepulcralis-in-pompeii-1846.jpg,test,1,0.9837649464607239
john-crome_slate-quarries-1805.jpg,test,1,0.0010453355498611927
carl-haag_an-italian-lady-in-costume.jpg,test,1,2.0498221147136064e-06
gustave-dore_the-seven-league-boots.jpg,test,1,1.7119449954861032e-11
piotr-michalowski_ekwipaz-przed-palacem-wielopolskich.jpg,test,1,2.5555912941399583e-08
john-varley_hackney-church.jpg,test,1,0.0648101419210434
robert-bateman_appleton-thorn-1880.jpg,test,1,3.0600142508774297e-07
helen-augusta-hamburger_still-life-with-flowers-and-fruit-1862.jpg,test,1,0.00014775940508116037
john-frederick-lewis_asking-for-alms-1833.jpg,test,1,0.9977953433990479
thomas-hill_valley-with-deer.jpg,test,1,0.9976517558097839
heinrich-papin_royal-austrian-infantry-1820.jpg,test,1,9.28408007894177e-06
wilhelm-von-kaulbach_reineke-fuchs1-1857.jpg,test,1,0.0
william-holman-hunt_the-eve-of-saint-agnes-1857.jpg,test,1,0.9999960660934448
maria-fortuny_antes-de-la-corrida.jpg,test,1,1.7869593648356386e-05
karl-bodmer_view-of-the-godesburg-and-the-seven-mountains.jpg,test,1,0.018660837784409523
johan-christian-dahl_bergen-harbor-with-bergenhu-1839.jpg,test,1,0.8982713222503662
caspar-david-friedrich_the-abbey-in-the-oakwood.jpg,test,1,4.591648377705662e-14
helen-augusta-hamburger_flower-still-life-in-wicker-basket.jpg,test,1,2.9429832499020824e-19
sarah-purser_loughrea-st-brendans-cathedral-passion-in-nine-scenes-1908.jpg,test,1,0.9459543824195862
alexander-pope_sportsman-s-still-life.jpg,test,1,1.0
lev-lagorio_happyness-of-meeting-1903.jpg,test,1,5.913018412684323e-06
thomas-moran_childe-roland-to-the-dark-tower-came-1859.jpg,test,1,0.272341787815094
elizabeth-thompson_a-corner-of-our-garden-at-rosebank.jpg,test,1,0.00017108079919125885
benjamin-constant_portrait-de-jean-montfraix-a-lage-de-douze-ans.jpg,test,1,3.005253006449493e-07
currier-and-ives_the-smoker-s-promenade-1876.jpg,test,1,5.081437536780903e-39
samuel-morse_mrs-james-ladson-judith-smith-1820.jpg,test,1,0.0011916720541194081
john-william-waterhouse_windflowers-1902.jpg,test,1,1.0
john-wilson-carmichael_the-brayford-pool-and-lincoln-cathedral.jpg,test,1,0.00011616598203545436
bertalan-szekely_contract-sealed-with-blood-blood-oath-1897.jpg,test,1,0.9999876022338867
thomas-jones_mount-vesuvius-from-torre-dell-annunziata-near-naples-1783.jpg,test,1,0.990110456943512
eleanor-fortescue-brickdale_sweet-peas-1922.jpg,test,1,0.7858853936195374
raden-saleh_lion-attacking-a-horse-1840.jpg,test,1,0.9700108170509338
george-harvey_two-covenanters-1830.jpg,test,1,0.9610194563865662
marcus-larson_night-at-sea-1858.jpg,test,1,0.6890913248062134
antonio-paoletti_the-melon-sellers.jpg,test,1,3.0607907319790684e-07
antonio-paoletti_young-sellers.jpg,test,1,0.01329028606414795
taras-shevchenko_landscape-with-kurgan-stelae-1845.jpg,test,1,4.840416262252845e-13
domenico-induno_untitled-0.jpg,test,1,0.10708314925432205
charles-de-steuben_portrait-of-a-second-lieutenant.jpg,test,1,0.9974169731140137
karl-bryullov_self-portrait-1.jpg,test,1,0.23314781486988068
